"id","user_location","user_city","user_country"
1337858199140118528,"YOUR BED",NA,NA
1337761915087560704,"NOT TODAY",NA,NA
1337734069816348672,"ÿØÿ®Ÿä, ÿßŸÑÿßŸÖÿßÿ±ÿßÿ™ ÿßŸÑÿπÿ±ÿ®Ÿäÿ© ÿßŸÑŸÖÿ™ÿ≠ÿØÿ©",NA,NA
1337733927885303808,"USAüá∫üá∏",NA,NA
1337732996380696576,"USAüá∫üá∏",NA,NA
1338612922600333312,"LI, NYC, NJ, PA, NE, USA",NA,NA
1338572466898100224,"NEW JERSEY, USA",NA,NA
1338565402381537280,"LA | OC",NA,NA
1338491398379753472,"ALERT,NUNAVUT",NA,NA
1338313134092689408,"USA",NA,NA
1338275138895278080,"SATURNALIA TOWN, USA",NA,NA
1338254776384024576,"HRVA",NA,NA
1338166530413096960,"OKOLONA, KY",NA,NA
1338105475447939072,"THE WORLD",NA,NA
1337996151828537344,"91/93MILLION MILES FROM THE üåû",NA,NA
1337967890578993152,"NYC",NA,NA
1337967795364048896,"NYC",NA,NA
1337967722387353600,"NYC",NA,NA
1339087665958891520,"STANDING IN LINE TO VOTE",NA,NA
1339040975386251264,"√úT: 10.466333,-66.865167",NA,NA
1338950799590875136,"TORFAEN",NA,NA
1338923664033648640,"USA",NA,NA
1338918931080351744,"BKLN | PHL | YYZ | SHJ | HYD",NA,NA
1338834223734677504,"HERE AND NOW",NA,NA
1338726722963828736,"US - IL - ID",NA,NA
1338663503339597824,"ÿ≥€åÿßÿ±€Å ÿ≤ŸÖ€åŸÜ",NA,NA
1338663479608225792,"ÿ≥€åÿßÿ±€Å ÿ≤ŸÖ€åŸÜ",NA,NA
1341717209257816064,"NY",NA,NA
1339349978574163968,"UK",NA,NA
1339328330936422400,"SALISH SEA, B.C.",NA,NA
1339316643470651392,"NEW JERSEY",NA,NA
1339293505345228800,"THE DEEP SOUTH",NA,NA
1339290048882122752,"MOMO SARANGHE JIHYO STEP ON ME",NA,NA
1339205808609849344,"NEVER LAND",NA,NA
1339203152864796672,"CONNECTICUT, USA",NA,NA
1339182445598568448,"EUROPE",NA,NA
1339145904650133504,"UK",NA,NA
1339124507802365952,"THE LAND  GOVDUNLEAVY FORGOT.",NA,NA
1339750467702829056,"EWR BUT I'D RATHER BE IN OGG",NA,NA
1339739099205230592,"SOUTHERN CA",NA,NA
1339639562163924992,"US üçéü¶ûüá∫üá∏üá´üá∑üë©üèæ‚Äçüíªüìä‚õµÔ∏è‚ôªÔ∏èüåä",NA,NA
1339628731774754816,"K√ñLN, DEUTSCHLAND",NA,NA
1339441524745138176,"USA",NA,NA
1340314215819726848,"BERKSHIRE",NA,NA
1340217437569114112,"WHEREVER I GO, THERE I AM.",NA,NA
1340051308368289792,"USA",NA,NA
1340034542405443584,"EVERYWHERE",NA,NA
1339990007998758912,"CONNECTICUT, USA",NA,NA
1339950066442805248,"KATONAH, NY",NA,NA
1339947759760191488,"ŸÑŸäÿ≥ ŸÖŸáŸÖ",NA,NA
1339939473518448640,"USA",NA,NA
1340458612095938560,"USA",NA,NA
1340385843404361728,"WORLD üì¢",NA,NA
1340376947575189504,"ÿßŸÑÿ±Ÿäÿßÿ∂ - ÿ¨ÿØÿ© - ÿßŸÑÿ£ÿ≠ÿ≥ÿßÿ°",NA,NA
1340352405846810624,"MINNESOTA, USA",NA,NA
1340333722185457664,"OMNIVECTOROUS",NA,NA
1341497724722667520,"EUROPE,NL",NA,NA
1341039390991257600,"REGGIO NELL'EMILIA, EMILIA ROM",NA,NA
1341004240798531584,"UNAMA‚ÄôKI",NA,NA
1340986901852024832,"EUROPE",NA,NA
1340791360924872704,"OLD MYSTIC, CT USA",NA,NA
1340753885938511872,"NORTHERN HEMISPHERE",NA,NA
1340548047512723456,"ÿßŸÑÿ±Ÿäÿßÿ∂ - ÿ¨ÿØÿ© - ÿßŸÑÿ£ÿ≠ÿ≥ÿßÿ°",NA,NA
1340547819153715200,"KITA NIHON",NA,NA
1340530727956393984,"HOME, HOME FFS",NA,NA
1340507811898413056,"HARLINGEN, TX",NA,NA
1340504168746917888,"NORTH CAROLINA, USA",NA,NA
1.340480662785e+18,"SAN FRANCISCO, CA",NA,NA
1343870180292702208,"TEL AVIV, STARTUP NATION",NA,NA
1343825523286421504,"ROMA, LAZIO",NA,NA
1342615376673333248,"SOUTH KINGSTOWN, RI",NA,NA
1342586642360631296,"PARIS",NA,NA
1342553286931587072,"NEW YORK, USA",NA,NA
1342549376988815360,"RIYADH",NA,NA
1342534846405632000,"AL KHOBAR",NA,NA
1342524945666994176,"NEW YORK, NY",NA,NA
1342508913992880128,"US üçéü¶ûüá∫üá∏üá´üá∑üë©üèæ‚Äçüíªüìä‚õµÔ∏è‚ôªÔ∏èüåä",NA,NA
1342507898362990592,"DUBAI MARINA, DUBAI",NA,NA
1342481284912865280,"JEDDAH",NA,NA
1342457899050815488,"NEW YORK",NA,NA
1342432131574849536,"PISA, TOSCANA",NA,NA
1342430964035821568,"ANTWERPEN, BELGI√ã",NA,NA
1.342417963476e+18,"KSCKD, C2 RIYADH",NA,NA
1342400506015211520,"√úT: -26.532499,28.376949",NA,NA
1342368232297156608,"CHENNAI",NA,NA
1342356271278657536,"MUMBAI",NA,NA
1342336936166502400,"DUBAI, UAE",NA,NA
1342332035130507264,"TUCSON, AZ",NA,NA
1342227972649054208,"DIVINE SPIRIT",NA,NA
1342216116559622144,"DUBAI, UAE",NA,NA
1342213784107184128,"SANTA BARBARA, CA",NA,NA
1342207268352380928,"NARNIA",NA,NA
1342180758815911936,"NORWICH, ENGLAND",NA,NA
1342165471303512064,"TORONTO, ON",NA,NA
1342162168800817152,"NOTTINGHAM",NA,NA
1342155332525699072,"UAE, SHARJAH",NA,NA
1342155330147536896,"BALTIMORE",NA,NA
1342151078276698112,"NEW YORK",NA,NA
1342144311933235200,"NATIONAL CAPITAL & NB",NA,NA
1342140611902640128,"IDAHO, USA",NA,NA
1342137969839386624,"DUBAI MARINA, DUBAI",NA,NA
1342136091902668800,"SPRING, TX",NA,NA
1342136002954072064,"SPRING, TX",NA,NA
1342135762989555712,"SPRING, TX",NA,NA
1342135520508444672,"SPRING, TX",NA,NA
1342135296524230656,"SPRING, TX",NA,NA
1342134757388406784,"DUBAI",NA,NA
1342133881156329472,"GLOBAL",NA,NA
1342133284172492800,"Êñ∞ÊΩüÂ∏Ç",NA,NA
1342131812554989568,"EMAIL:TALKSAVAILABLE@GMAIL.COM",NA,NA
1342131405720055808,"VERMONT, USA",NA,NA
1342124846550032384,"ATLANTA, GA",NA,NA
1342117465027989504,"ARNHEM, GELDERLAND",NA,NA
1342115006209536000,"DUBAI",NA,NA
1342108895255400448,"MEDICAL COLLEGE OF WISCONSIN",NA,NA
1342107631700340736,"PHILADELPHIA, PA.",NA,NA
1342081715452391424,"ABERCONWY",NA,NA
1342080774552563712,"–ù–ï–ú–ê–ä–ò–ù–ê 11, –ë–ï–û–ì–†–ê–î",NA,NA
1342064312513409024,"DUBAI, UAE",NA,NA
1342048148722737152,"DEVON & CORNWALL",NA,NA
1342046635828908032,"UAE",NA,NA
1342020744004431872,"LONDON, ENGLAND",NA,NA
1342019390376714240,"NORTHAMPTONSHIRE",NA,NA
1342014823882780672,"M A R S",NA,NA
1342013741953654784,"SOUTH WEST, ENGLAND",NA,NA
1342012001481089024,"ABU DHABI",NA,NA
1341989577343590400,"DUBAI, UAE",NA,NA
1341985846615007232,"UAE",NA,NA
1341960756237983744,"LA PAZ",NA,NA
1341960437672398848,"ATLANTA, GA",NA,NA
1341950378879844352,"KITA NIHON",NA,NA
1341941388011704320,"BLACKLICK ESTATES",NA,NA
1341913061947531264,"ATLANTA, GA",NA,NA
1341905279332528128,"ATLANTA, GA",NA,NA
1341904890306719744,"NOBLESVILLE & BENTONVILLE",NA,NA
1341903821199577088,"CARDIFF, WALES",NA,NA
1341903645445652480,"NYC",NA,NA
1341902342346715136,"CLEVELAND, OH",NA,NA
1341900693561434112,"BRITISH COLUMBIA",NA,NA
1341892818416136192,"GLASGOW, SCOTLAND",NA,NA
1341888813807902720,"VANCOUVER, BRITISH COLUMBIA",NA,NA
1341882974598475776,"EMAIL:TALKSAVAILABLE@GMAIL.COM",NA,NA
1341882554383814656,"WILTSHIRE & SHREWSBURY TOO",NA,NA
1341879933874933760,"LONDON, ENGLAND",NA,NA
1341866564832944128,"ATHENS, GA",NA,NA
1341852327200911360,"JACKSONVILLE, FL",NA,NA
1341846510212931584,"MEERUT/DELHI",NA,NA
1341840204676485120,"EDMONTON, ALBERTA, CAN",NA,NA
1341839934160855040,"GREAT DODDINGTON, ENGLAND",NA,NA
1341831078722596864,"ZUID-HOLLAND",NA,NA
1341821402220011520,"ORILLIA, ON",NA,NA
1341818099608285184,"TKARONTO (TORONTO)",NA,NA
1341812152672415744,"HOUSTON TEXAS BASED",NA,NA
1341811526399750144,"VANCOUVER, BRITISH COLUMBIA",NA,NA
1341810413860577280,"SAN FRANCISCO, CA",NA,NA
1341804900179570688,"SCARBOROUGH, ON",NA,NA
1341803764450127872,"SAN FRANCISCO, CA",NA,NA
1341800447892480000,"MIAMI, FL",NA,NA
1341793233450496000,"DUBAI, UAE",NA,NA
1341792725365088256,"MIAMI, FL",NA,NA
1341791584938057728,"BOSTON",NA,NA
1341790674975395840,"LOS ANGELES",NA,NA
1341790193066659840,"TWEETS ON #ASIA & USA",NA,NA
1341789755969740800,"SUNNYVALE, CA",NA,NA
1341788506092429312,"BETHESDA, MD.",NA,NA
1341782103655112704,"GLOBAL",NA,NA
1341767844019761152,"TKARONTO (TORONTO)",NA,NA
1341766715571638272,"BROOKLYN, NY",NA,NA
1341746438284447744,"GLOBAL",NA,NA
1341745122258657280,"T√úRKIYE",NA,NA
1341743414681985024,"EMAIL:TALKSAVAILABLE@GMAIL.COM",NA,NA
1341742477385068544,"EMAIL:TALKSAVAILABLE@GMAIL.COM",NA,NA
1341737385177063424,"GLASGOW ENVIRONS.",NA,NA
1341737090111975424,"CALGARY, AB",NA,NA
1341735836606476288,"2 SAMUEL 22:33",NA,NA
1341732305568710656,"RUTLAND",NA,NA
1341731233575931904,"RUTLAND",NA,NA
1341730589024669696,"QUEENS, NY",NA,NA
1341723974112342016,"DALLAS, TX",NA,NA
1341723217610850304,"EMAIL:TALKSAVAILABLE@GMAIL.COM",NA,NA
1341718720339701760,"MICHIGAN, USA",NA,NA
1341709540392394752,"EUROPE",NA,NA
1341699948786688000,"LONDON",NA,NA
1341695940558802944,"CARRIBEAN,SELLING ICE CREAM",NA,NA
1341689517716230144,"EDINBURGH, SCOTLAND",NA,NA
1341674914428948480,"UAE",NA,NA
1341669308280266752,"LONDRA, GRAN BRETAGNA",NA,NA
1341668843970805760,"UAE",NA,NA
1341665010393739264,"T√úRKIYE",NA,NA
1341654261080453120,"DUBAI/ABU DHABI",NA,NA
1341654013578768384,"FRANKFURT AM MAIN, DEUTSCHLAND",NA,NA
1341651533688029184,"DUBAI MARINA, DUBAI",NA,NA
1341622000083714048,"309,B NO 4, EMAAR BUSINES PARK",NA,NA
1341577958490664960,"SASKATOON MOST OF THE TIME!",NA,NA
1341561208693010432,"CHICAGO, IL",NA,NA
1341561041763721216,"LOGAN, UT",NA,NA
1341555593933406208,"ROCHESTER MN",NA,NA
1341555427910270976,"NEW JERSEY, USA",NA,NA
1341551186617364480,"LOS ANGELES, CA",NA,NA
1341533890910048256,"VANCOUVER, BRITISH COLUMBIA",NA,NA
1341531321936572416,"@DATOP, EARTH SKY MOON",NA,NA
1341528352444833792,"OAKVILLE, ONTARIO",NA,NA
1341526773452988416,"HOUSTON, TX",NA,NA
1341519399942053888,"LONDON, ENGLAND",NA,NA
1341515163875356672,"LONDON, UK",NA,NA
1341510067066122240,"LONDON, UK",NA,NA
1341507553126211584,"LONDON, UK",NA,NA
1341506047681437696,"EMAIL:TALKSAVAILABLE@GMAIL.COM",NA,NA
1341504800328921088,"EMAIL:TALKSAVAILABLE@GMAIL.COM",NA,NA
1341502807149604864,"US üçéü¶ûüá∫üá∏üá´üá∑üë©üèæ‚Äçüíªüìä‚õµÔ∏è‚ôªÔ∏èüåä",NA,NA
1341500260565348352,"JACKSON, MS",NA,NA
1341496630089015296,"PALERMO, SICILIA",NA,NA
1341486642847248384,"MICHIGAN, USA",NA,NA
1341481637377421312,"COVID HELL, AL",NA,NA
1341474368032010240,"MONTREAL",NA,NA
1341460763022667776,"ST. LOUIS",NA,NA
1341459988989026304,"EDINBURGH, SCOTLAND",NA,NA
1341459419746451456,"DUBAI, UAE",NA,NA
1341452097196322816,"UAE",NA,NA
1341450934031937536,"CALIFORNIA, USA",NA,NA
1341448539654807552,"WORKS IN AD, SLEEPS IN DUBAI.",NA,NA
1341446194279510016,"SEATTLE, WA",NA,NA
1341445244534071296,"BOSTON, MA",NA,NA
1341441547875868672,"DUBAI",NA,NA
1341438535677558784,"SOCIAL DISTANCING IN MANHATTAN",NA,NA
1341435052249366528,"KASHMIR",NA,NA
1341430402372825088,"LONDON, ENGLAND",NA,NA
1341428830020521984,"LONDON, ENGLAND",NA,NA
1341423911762800640,"LONDON",NA,NA
1341413098410954752,"KETTERING, ENGLAND",NA,NA
1341410474919931904,"OXFORDSHIRE",NA,NA
1341401945970532352,"MORRISTOWN, NJ",NA,NA
1341398834472214528,"KANSAS CITY, KS",NA,NA
1341398138452668416,"ATLANTA, GA",NA,NA
1341396539055476736,"BRUSSELS",NA,NA
1341394668555284480,"PLANET EARTH",NA,NA
1341386380975329280,"NEW DELHI",NA,NA
1341384370238664704,"GLASGOW ENVIRONS.",NA,NA
1341381078410518528,"LONDON, ENGLAND",NA,NA
1341373544660406272,"NORTH TYNESIDE",NA,NA
1341372289506566144,"NORTH TYNESIDE",NA,NA
1341370373292625920,"CAANADA",NA,NA
1341368926551363584,"LONDON",NA,NA
1341361608287776768,"TEXAS, USA",NA,NA
1341354369883762688,"GLOBAL",NA,NA
1341350266457747456,"LONDON",NA,NA
1341347758767284224,"BIRMINGHAM, ENGLAND",NA,NA
1341327866735300608,"LONDON",NA,NA
1341324241040510976,"AG. IOANNIS PERISTERON, CORFU",NA,NA
1341321085703385088,"LONDON UK",NA,NA
1341319867190927360,"KEBBI | SOKOTO | ZAMFARA",NA,NA
1341319434141532160,"NEW DELHI",NA,NA
1341308222469238784,"BRUSSELS",NA,NA
1341271159262896128,"LONDON, ENGLAND",NA,NA
1341268318817140736,"TUCSON, AZ",NA,NA
1341261417333211136,"HYDERABAD",NA,NA
1341259824600903680,"FORT WORTH",NA,NA
1341253782923956224,"CALIFORNIA, USA",NA,NA
1341229817769943040,"UNIT",NA,NA
1341226353325174784,"SCHWEIZ",NA,NA
1341222117854093312,"ATLANTA, GA",NA,NA
1341201394724954112,"CHARLOTTESVILLE, VA",NA,NA
1341197154459799552,"WASHINGTON D.C.",NA,NA
1341186138795626496,"MANCHESTER, ENGLAND",NA,NA
1341182344158457856,"UK üá¨üáß",NA,NA
1341180964421169152,"51.579117,0.179467",NA,NA
1341180626498584576,"CALEXICO, CALIFORNIA",NA,NA
1341179266013249536,"KANSAS CITY, MO",NA,NA
1341177539318992896,"TWEETS ON #ASIA & USA",NA,NA
1341176947062272000,"ROVING THE WESTERN WORLD",NA,NA
1341175981248290816,"ESPA√ëA BARCELONA MADRID",NA,NA
1341169733379473408,"EMAIL:TALKSAVAILABLE@GMAIL.COM",NA,NA
1341162793958051840,"TORONTO, ONTARIO",NA,NA
1341148447634825216,"LONDON, ENGLAND",NA,NA
1341145394110230528,"BERLIN, DEUTSCHLAND",NA,NA
1341140988325072896,"SYDNEY, NEW SOUTH WALES",NA,NA
1341139751240347648,"NEW YORK, NY",NA,NA
1341125671595159552,"NORTHAMPTONSHIRE",NA,NA
1341125018441420800,"NASHVILLE, TN",NA,NA
1341123868258422784,"SAUGERTIES, NEW YORK",NA,NA
1341122216805724160,"BERLIN / MADRID",NA,NA
1341121838563377152,"NORTHERN VIRGINIA",NA,NA
1341121270864351232,"IN THE NOW",NA,NA
1341120997722865664,"WASHINGTON, DC",NA,NA
1341120442174599168,"USA AND GLOBAL",NA,NA
1341118690423652352,"309,B NO 4, EMAAR BUSINES PARK",NA,NA
1341114054568538112,"NATIONAL CAPITAL & NB",NA,NA
1341111948750962688,"BELLEVUE, WA",NA,NA
1341109107613417472,"FLORIDA",NA,NA
1341107293535023104,"WEST MIDLANDS, ENGLAND",NA,NA
1341104620337295360,"NATIONAL CAPITAL & NB",NA,NA
1341104185975189504,"COLUMBUS, OH",NA,NA
1341100343539675136,"DUBLIN",NA,NA
1.341096990655e+18,"DEUTSCHLAND",NA,NA
1341096221042204672,"SOUTH WEST, ENGLAND",NA,NA
1341081926384427008,"AMSTERDAM",NA,NA
1341080451805564928,"DAYTON, OH",NA,NA
1341079706582433792,"SAN FRANCISCO, CA",NA,NA
1341075727475601408,"TONDIARPET, VADACHENNAI",NA,NA
1341072372015767552,"SOUTH CAROLINA, USA",NA,NA
1341059664625106944,"GLOBAL",NA,NA
1345487100943228928,"EARTH üá™üá∫üá¨üáß",NA,NA
1343219215747190784,"DUBLIN",NA,NA
1343155357552676864,"DUBLIN",NA,NA
1342932432648069120,"NEVER WALK ALONE",NA,NA
1342918827340935168,"BRONX, NY",NA,NA
1342898839435550720,"PHILADELPHIA, PA",NA,NA
1342887282391584768,"DC METRO AREA, USA",NA,NA
1342885819636461568,"NOTTINGHAM UK",NA,NA
1342882141894553600,"SAINT LOUIS, MO, USA",NA,NA
1342865699442749440,"UAE",NA,NA
1342865233388429312,"NEW YORK",NA,NA
1342829901628391424,"MARYLAND, USA",NA,NA
1342823345801277440,"VERMONT, USA",NA,NA
1342816308149293056,"WARSZAWA, POLSKA",NA,NA
1342793261321232384,"DUBLIN",NA,NA
1342702561523077120,"STONY BROOK,  NY",NA,NA
1343917730186080256,"NEW YORK",NA,NA
1343491329976840192,"GAUTENG",NA,NA
1343252599043219456,"STOCKHOLM | TABIANO CASTELLO",NA,NA
1343243935427211264,"YURP COAST",NA,NA
1343235401977360384,"HANSESTADT ROSTOCK",NA,NA
1343228142354358272,"BRYN MAWR, PA",NA,NA
1343227137785032704,"NEW DELHI",NA,NA
1343224860156309504,"EMAIL:TALKSAVAILABLE@GMAIL.COM",NA,NA
1343222274984439808,"ùìëùìÆùì™ùìæùì∑ùìÆ",NA,NA
1343219743596146688,"TEXAS, USA",NA,NA
1343219051238215680,"ÿ≥€åÿßÿ±€Å ÿ≤ŸÖ€åŸÜ",NA,NA
1343213563570171904,"NORTHBOUND.",NA,NA
1.343213387594e+18,"UK",NA,NA
1.343208250272e+18,"USA",NA,NA
1343168219071328256,"ATLANTA, GA",NA,NA
1343165298086731776,"GLASGOW ENVIRONS.",NA,NA
1343153697975541760,"PUNE",NA,NA
1343104307521085440,"HELSINKI",NA,NA
1343083803942793216,"RIYADH - JEDDAH",NA,NA
1343025105329418240,"MADISON, WI",NA,NA
1342992903405232128,"INNISFIL, ONTARIO",NA,NA
1342992094961541120,"COVENTRY RHODE ISLAND",NA,NA
1342990731850481664,"SCHWEIZ",NA,NA
1342972878644539392,"LONDON, ENGLAND",NA,NA
1345543702131974144,"TORONTO, ONTARIO",NA,NA
1343691492859252736,"LONDON, UK",NA,NA
1343690169208233984,"PARIS, NEW YORK, ATLANTA",NA,NA
1343671891215659008,"LOCATION: BY THE FREE FOOD",NA,NA
1343669422251274240,"PLANET AQUARIUS",NA,NA
1343655375682334720,"BELGIQUE",NA,NA
1343651910398705664,"ABU DHABI, UAE",NA,NA
1343650463221219328,"BELGIQUE",NA,NA
1343627937476730880,"ANN ARBOR, ‚úã",NA,NA
1343625796754280448,"NEW YORK",NA,NA
1343624237261746176,"MARYLAND, USA",NA,NA
1343616629343617024,"LOS ANGELES, CA",NA,NA
1343604783660281856,"NEW YORK, NY",NA,NA
1343599296948690944,"EMAIL:TALKSAVAILABLE@GMAIL.COM",NA,NA
1343587281995771904,"HAMILTON, ONTARIO",NA,NA
1343571935171645440,"US üçéü¶ûüá∫üá∏üá´üá∑üë©üèæ‚Äçüíªüìä‚õµÔ∏è‚ôªÔ∏èüåä",NA,NA
1343554197979992064,"COLORADO, USA",NA,NA
1343477663583899648,"NEDERLAND",NA,NA
1343454933144764416,"I AM EVERYWHERE üòâ",NA,NA
1343431690706956288,"ST LOUIS, MO",NA,NA
1343390147883069440,"MUMBAI",NA,NA
1343382133486870528,"KNOXVILLE, TN",NA,NA
1343327647527481344,"TORONTO",NA,NA
1343298378038452224,"YORKSHIRE AND THE HUMBER, ENGLAND",NA,NA
1343297443564318720,"NEW YORK, NY",NA,NA
1343276289051025408,"BIRMINGHAM",NA,NA
1343264340909166592,"RIBEIR√ÉO PRETO, BRASIL",NA,NA
1346247176062705664,"BETWIXT",NA,NA
1345204289136824320,"Êñ∞ÊΩüÂ∏Ç",NA,NA
1344709219711377408,"SCOTLAND",NA,NA
1343975996832276480,"CARIBBEAN",NA,NA
1343969292958613504,"BALTIMORE, MD",NA,NA
1343968826459893760,"TEXAS, USA",NA,NA
1343965776361959424,"KING'S LYNN, ENGLAND",NA,NA
1343962802202038272,"BIRMINGHAM, AL",NA,NA
1343957451348062208,"GP PARTNER, WATFORD",NA,NA
1343953310630506496,"GP PARTNER, WATFORD",NA,NA
1343950616331214848,"COLUMBIA, MO",NA,NA
1343950101245382656,"VANCOUVER",NA,NA
1343943102390824960,"CHICAGO",NA,NA
1343939237889138688,"PITTSBURGH, PA",NA,NA
1343937102543810560,"EMAIL:TALKSAVAILABLE@GMAIL.COM",NA,NA
1343913786093281280,"WASHINGTON, DC",NA,NA
1343902854642360320,"CHARLOTTESVILLE, VA",NA,NA
1343896189553414144,"Êñ∞ÊΩüÂ∏Ç",NA,NA
1343893910213582848,"DAKAR-VALENCIA",NA,NA
1343890611489923072,"EXETER, ENGLAND",NA,NA
1343881892584538112,"Êñ∞ÊΩüÂ∏Ç",NA,NA
1343877220964704256,"DUBAI/ABU DHABI",NA,NA
1343871547841404928,"LONDRA, GRAN BRETAGNA",NA,NA
1343871453834473472,"EUROPE",NA,NA
1343856441497710592,"GLASGOW, SCOTLAND",NA,NA
1343854531197751296,"KNOKKE,A SPOT IN THIS UNIVERSE",NA,NA
1343852019774324736,"LONDON, ENGLAND",NA,NA
1343830455498510336,"√úR√úMCHI, UYGHURISTAN",NA,NA
1343826354089955328,"MORGANTOWN, WV",NA,NA
1343818882893672448,"WORLDWIDE",NA,NA
1343799204725075968,"DUBAI/ABU DHABI",NA,NA
1343797147020394496,"NEW YORK, NY",NA,NA
1343794986568085504,"WORLDWIDE",NA,NA
1343775050604929024,"ABU DHABI",NA,NA
1343725728408494080,"NEW YORK, USA",NA,NA
1346546461786386432,"ALPES-MARITIMES, PROVENCE-ALPE",NA,NA
1345438557285085184,"NEW YORK, USA / AMSTERDAM, NL",NA,NA
1345404903737450496,"DUBLIN",NA,NA
1344898910347800576,"HTRAE TALF",NA,NA
1344608386109886464,"DUBLIN",NA,NA
1344391932156502016,"HOUSTON, TX",NA,NA
1344388195044225024,"MERTHYR TYDFIL, WALES",NA,NA
1344374641817767936,"BRISTOL & SOUTH WALES",NA,NA
1344370738405330944,"BOSTON, MA",NA,NA
1344367013125353472,"TORONTO",NA,NA
1344365137164165120,"UK",NA,NA
1344349351649423360,"LONDON, ENGLAND",NA,NA
1344349322633216000,"BELGI√ã",NA,NA
1344347617669611520,"ICH LEB HINTER'M POKEMON",NA,NA
1344344119972425728,"#CORONAVIRUSMADEINPASTEUR",NA,NA
1344343344869203968,"LONDON, ENGLAND",NA,NA
1344338487743574016,"PROVIDENCE, RI",NA,NA
1344337176847396864,"GLASGOW ENVIRONS.",NA,NA
1344335337204670464,"GLASGOW ENVIRONS.",NA,NA
1344322894202073088,"CHICAGO, IL",NA,NA
1344313500630454272,"EASTBOURNE, ENGLAND",NA,NA
1344309219693096960,"BIRMINGHAM, AL",NA,NA
1344297607909298176,"DAKAR-VALENCIA",NA,NA
1344296020042264576,"DAKAR-VALENCIA",NA,NA
1344284775440379904,"BELGIQUE",NA,NA
1344274034561867776,"LONDON, UK",NA,NA
1344268373283266560,"CITY OF LONDON, LONDON",NA,NA
1344266968728096768,"ÎåÄÌïúÎØºÍµ≠ ÏÑúÏö∏",NA,NA
1344264548820406272,"VERMONT, USA",NA,NA
1344261788217520128,"LONDON, ENGLAND",NA,NA
1344260780938719232,"BELGIQUE",NA,NA
1344256092541431808,"NOTTINGHAM / LONDON",NA,NA
1344255847510192128,"DYSTOPIAN PLUTOCRATIC BRITAIN",NA,NA
1344243031348817920,"FARNBOROUGH, HAMPSHIRE",NA,NA
1344241052186718208,"MARKET HARBOROUGH, ENGLAND",NA,NA
1344237175278342144,"LLANGYBI, MONMOUTHSHIRE",NA,NA
1344229679574753280,"POTSDAM & BERLIN",NA,NA
1344226803167145984,"LONDON, UK",NA,NA
1344225831892226048,"NEW YORK, USA",NA,NA
1344223987702837248,"UK",NA,NA
1344220071619604480,"NW ENGLAND",NA,NA
1344219193722466304,"EDINBURGH, SCOTLAND",NA,NA
1344205331824427008,"DELHI",NA,NA
1344199565323476992,"HONOLULU AFRICA/ASIA",NA,NA
1344194898988298240,"HRVATSKA, SPLIT",NA,NA
1344190521246416896,"#KEEPFIGHTINGMICHAEL",NA,NA
1344183163195682816,"PARIS",NA,NA
1344060100286279680,"STOCKHOLM FOR NOW",NA,NA
1344057491596976128,"ROBINSON CRUSOE ISLAND",NA,NA
1344052085503873024,"SEOUL, SOUTH KOREA",NA,NA
1344033715924643840,"WORKING ON A PERSONAL WEBSITE, WHICH WILL SEE THE LIGHT, HOPEFULLY IN THE NEAR FUTURE.",NA,NA
1344028317058555904,"TORONTO, ON",NA,NA
1344013774408265728,"EMAIL:TALKSAVAILABLE@GMAIL.COM",NA,NA
1343998338065174528,"PARIS, NEW YORK, ATLANTA",NA,NA
1343981842614145024,"GUELPH, ONTARIO",NA,NA
1343977655226535936,"BEVERLEY",NA,NA
1343977405678030848,"üá¨üáß",NA,NA
1346059403057901568,"KENNINGTON, ENGLAND",NA,NA
1345320000681353216,"ICH LEB HINTER'M POKEMON",NA,NA
1345194343020318720,"LONDON, ENGLAND",NA,NA
1344962431467081728,"HEAVEN ON EARTH",NA,NA
1344955226911092736,"ICH LEB HINTER'M POKEMON",NA,NA
1344769695270928384,"EDMONTON, ALBERTA, CAN",NA,NA
1344767413137637376,"WEST MIDLANDS, ENGLAND",NA,NA
1344759700781469696,"BOSTON, MA",NA,NA
1344753670819340288,"CDMX",NA,NA
1344751776789098496,"ESSEX",NA,NA
1344748300386390016,"BIRMINGHAM, ENGLAND",NA,NA
1344747632074354688,"LONDON, ENGLAND",NA,NA
1344746721566453760,"EMAIL:TALKSAVAILABLE@GMAIL.COM",NA,NA
1344746162172157952,"LEEDS, ENGLAND",NA,NA
1344740112702332928,"EMAIL:TALKSAVAILABLE@GMAIL.COM",NA,NA
1344703313934249984,"LONDON, ENGLAND",NA,NA
1344698564962869248,"LONDON",NA,NA
1344697355803758592,"GLASGOW ENVIRONS.",NA,NA
1344693695736655872,"üá®üá±",NA,NA
1344691242077184000,"WATFORD, ENGLAND",NA,NA
1344689308742123520,"GLASGOW ENVIRONS.",NA,NA
1344682844803760128,"GLASGOW ENVIRONS.",NA,NA
1344681891367165952,"GLASGOW ENVIRONS.",NA,NA
1344679790394171392,"GLASGOW ENVIRONS.",NA,NA
1344674297441366016,"WISCONSIN, USA",NA,NA
1344654277638295552,"#KEEPFIGHTINGMICHAEL",NA,NA
1344638613351497728,"CHRISTIANSTED, ST. CROIX, USVI",NA,NA
1344629381503868928,"LEEDS, ENGLAND",NA,NA
1344625749320478720,"UK",NA,NA
1344623873573183488,"LONDON, UK",NA,NA
1344623168615571456,"LINCOLNSHIRE",NA,NA
1344618261837713408,"GLASGOW, SCOTLAND",NA,NA
1344611635818876928,"GP PARTNER, WATFORD",NA,NA
1344599347053342720,"FELTHAM, MIDDLESEX",NA,NA
1344596598739886080,"GLASGOW ENVIRONS.",NA,NA
1344594334470045696,"BRISTOL, ENGLAND",NA,NA
1.344593129543e+18,"OST-BERLIN",NA,NA
1344593007581011968,"WORLD",NA,NA
1344592626872426496,"UK",NA,NA
1344581636239843328,"#KEEPFIGHTINGMICHAEL",NA,NA
1344559465702584320,"GP PARTNER, WATFORD",NA,NA
1344543369465393152,"WEST LINTON, SCOTTISH BORDERS",NA,NA
1344538086118739968,"CURRENTLY: STOWMARKET, UK.",NA,NA
1344521839356354560,"TX",NA,NA
1344435482827124736,"ENGLAND",NA,NA
1344429433998901248,"LOS ANGELES, CA",NA,NA
1344425826566234112,"PHILADELPHIA, PA",NA,NA
1344424399341047808,"VERMONT, USA",NA,NA
1344413371848921088,"LONDON, ENGLAND",NA,NA
1344406586840780800,"ALLEN, TX",NA,NA
1344404643661684736,"MONTR√âAL, QU√âBEC",NA,NA
1347247997709594624,"WORLDWIDE",NA,NA
1346595807798112256,"MINNEAPOLIS",NA,NA
1346223405545246720,"ARNHEM, GELDERLAND",NA,NA
1345954290913988608,"PHILADELPHIA, PA",NA,NA
1345503173348364288,"üåç",NA,NA
1345336493200576512,"PLYMOUTH",NA,NA
1345332310237982720,"MANCHESTER",NA,NA
1345328983920041984,"ENGLAND",NA,NA
1345323684035178496,"GLASGOW ENVIRONS.",NA,NA
1345321471804141568,"LONDON",NA,NA
1345297288739090432,"#KEEPFIGHTINGMICHAEL",NA,NA
1345278137869938688,"CURRENTLY: STOWMARKET, UK.",NA,NA
1345268345701064704,"KEMPEN/ FLANDERS",NA,NA
1345266323996037120,"SOUTHERN CALIFORNIA",NA,NA
1345264296108777472,"SOUTHERN CALIFORNIA",NA,NA
1345243883089899520,"#KEEPFIGHTINGMICHAEL",NA,NA
1345212553887178752,"CHICAGO, IL",NA,NA
1345209366983499776,"MUNICH - CHENNAI",NA,NA
1345207977842626560,"Êñ∞ÊΩüÂ∏Ç",NA,NA
1345190160460234752,"ARKANSAS",NA,NA
1345189418324221952,"ARKANSAS",NA,NA
1345175060856918016,"PERFIDIOUS ALBION",NA,NA
1345171425007702016,"GAINESVILLE, FL",NA,NA
1345152202906722304,"GLASGOW ENVIRONS.",NA,NA
1345146326426779648,"GLASGOW, SCOTLAND",NA,NA
1345139476901855232,"BELGIQUE",NA,NA
1345118157837627392,"EAST MIDLANDS, ENGLAND",NA,NA
1345110543670145024,"LONDON",NA,NA
1345094556707074048,"WARWICKSHIRE",NA,NA
1345093370746695680,"BOSTON, MA",NA,NA
1345082182113628160,"LONDON",NA,NA
1345078618981101568,"ENGLAND",NA,NA
1345063758968852480,"LONDON, UK",NA,NA
1345058454646312960,"NEW DELHI",NA,NA
1345053193319960576,"LONDON, ENGLAND",NA,NA
1345048794652696576,"CHORLEY, ENGLAND",NA,NA
1345043195550441472,"HUDDERSFIELD",NA,NA
1345033746165198848,"GOD'S COUNTY OF THE SHIRE.",NA,NA
1345023912300707840,"GP PARTNER, WATFORD",NA,NA
1345018243539415040,"WARSZAWA, POLSKA",NA,NA
1345017890345463808,"PARIS, LONDON, NEW YORK",NA,NA
1344996338883293184,"CORNWALL UK",NA,NA
1344986028159938560,"WORCESTER, UK",NA,NA
1344985938901020672,"#KEEPFIGHTINGMICHAEL",NA,NA
1344976702246686720,"#KEEPFIGHTINGMICHAEL",NA,NA
1344949323608457216,"NEW DELHI",NA,NA
1344942581055045632,"DELHI/MEERUT",NA,NA
1344920066433937408,"TEL AVIV",NA,NA
1344904225235451904,"JAMMU AND KASHMIR",NA,NA
1344865207047356416,"#KEEPFIGHTINGMICHAEL",NA,NA
1344857730465505280,"SULTANPUR, NEW DELHI",NA,NA
1344855173009530880,"KITA NIHON",NA,NA
1344853560257892352,"ITALIA",NA,NA
1344848504678703104,"BOSTON, MA",NA,NA
1344844263641800704,"GLOBAL",NA,NA
1344838151366270976,"COLOMBO",NA,NA
1344836200616448000,"MADIGE HINDAGOLLA, HOROMBAWA",NA,NA
1344834424534257664,"NEW DELHI, DELHI",NA,NA
1344804672641634304,"WALKING THE DOGS",NA,NA
1344801546534490112,"BOISE, ID",NA,NA
1344800580741574656,"FROM MI,VT,FL",NA,NA
1344779534030274560,"LANCASTER UNIVERSITY",NA,NA
1344769669840982016,"LONDON",NA,NA
1348003171105443840,"NEW YORK, NY",NA,NA
1347984619463987200,"EAST MIDLANDS, ENGLAND",NA,NA
1345478222415351808,"GLASGOW ENVIRONS.",NA,NA
1345471621390245888,"LOS ANGELES, CA",NA,NA
1345471438501933056,"KENT, EAST SUSSEX AND LONDON",NA,NA
1345465134357966848,"BALTIMORE",NA,NA
1345459342825418752,"HAMPSHIRE",NA,NA
1345428473679126528,"#EARTH üåç",NA,NA
1345423178483572736,"LONDON,UK + W.BALKANS + GLOBAL",NA,NA
1345419041192591360,"NOIDA-NEW DELHI",NA,NA
1345414422710394880,"TORONTO, ONTARIO",NA,NA
1345406151433850880,"üá≤üáΩ",NA,NA
1345397875778457600,"PRONOUN: PER/PER/PERSELF",NA,NA
1345392276810379264,"SMITHVILLE, TX",NA,NA
1345363037948157952,"WEST YORKSHIRE",NA,NA
1347131105703583744,"üåç",NA,NA
1345903807423766528,"45.498353,-73.660387",NA,NA
1345865150117588992,"BIRMINGHAM",NA,NA
1345857669668634624,"USA",NA,NA
1345836550962225152,"JARROW",NA,NA
1345812235743096832,"BOSTON",NA,NA
1345806334890045440,"#KEEPFIGHTINGMICHAEL",NA,NA
1345802065075982336,"OTTAWA, ONTARIO",NA,NA
1345800211415777280,"NORTHERN CALIFORNIA",NA,NA
1345782565093978112,"ZONE 5; CAPITAL OF THE WORLD",NA,NA
1345772211970449408,"CARDIFF",NA,NA
1345766296319791104,"EARTH",NA,NA
1345751233622016000,"ONLINE",NA,NA
1345751107738472448,"WEST YORKSHIRE",NA,NA
1345748620277145600,"LEAMINGTON SPA, ENGLAND",NA,NA
1345741862573924352,"GAINESVILLE, FL",NA,NA
1345741443932028928,"POTOMAC  MD",NA,NA
1345733613518729216,"PHILADELPHIA, PA.",NA,NA
1345723343941545984,"NORTH AMERICA",NA,NA
1345720295831683072,"SRINAGAR - MONTREAL",NA,NA
1345719287898636288,"ICH LEB HINTER'M POKEMON",NA,NA
1345715701831626752,"ZONE 5; CAPITAL OF THE WORLD",NA,NA
1345699753674174464,"NOWHERE",NA,NA
1345681447554863104,"PROVIDENCE, RI",NA,NA
1345650140825182208,"DUBAI, UAE",NA,NA
1345587571850698752,"EARTH",NA,NA
1345557802794639360,"PHOENIX, AZ",NA,NA
1345536027969122304,"PROVIDENCE, RI",NA,NA
1345527037394620416,"DC METRO AREA, USA",NA,NA
1345514875137662976,"SEASIDE, CALIFORNIA, USA",NA,NA
1345505788438196224,"üåç",NA,NA
1345499298151198720,"EVERYWHERE",NA,NA
1345495086201671680,"EARTH",NA,NA
1345493500951994368,"CANTERBURY",NA,NA
1345483845622255616,"KREUZBERG, IST NICHT APOLDA",NA,NA
1348225246269157376,"NORTH WEST, ENGLAND",NA,NA
1347975378267205632,"CORNWALL",NA,NA
1347973403198812160,"THE REAL CAPITAL",NA,NA
1347426957793771520,"SOMEWHERE",NA,NA
1346170499576049664,"LONDON, ENGLAND",NA,NA
1346167148390080512,"PHILADELPHIA, PA",NA,NA
1346151718510358528,"HARTFORD, CT",NA,NA
1346151595050983424,"ROTHERHAM, ENGLAND",NA,NA
1346148748167061504,"MUMBAI",NA,NA
1346145773113761792,"CHICAGO",NA,NA
1346144599631425536,"CHICAGO",NA,NA
1346135061893181440,"NOTTINGHAM",NA,NA
1346132614256730112,"CHICAGO, IL",NA,NA
1346129213598949376,"YORKSHIRE AND THE HUMBER, ENGLAND",NA,NA
1346127247300820992,"T√úRKIYE",NA,NA
1346125911133863936,"EARTH",NA,NA
1346124109672017920,"SICILY/ UK",NA,NA
1346119837047779328,"THE LAND OF RHOD",NA,NA
1346117723114401792,"AUGUSTA, GA",NA,NA
1346117656336859136,"TEXAS, USA",NA,NA
1346111223113383936,"TORONTO, ONTARIO",NA,NA
1346108394495594496,"ESQUIMALT, BRITISH COLUMBIA",NA,NA
1346106276124610560,"ONLINE",NA,NA
1346103448455032832,".FI .FR .SE .UK .DE",NA,NA
1346101626092871680,".FI .FR .SE .UK .DE",NA,NA
1346097813936070656,"MUMBAI",NA,NA
1346093350240333824,"IOWA CITY, IA",NA,NA
1346092428449751040,"ICH LEB HINTER'M POKEMON",NA,NA
1346087774227750912,"DUBAI",NA,NA
1346076490216189952,"YORK/MANCHESTER/GLASGOW/LONDON",NA,NA
1346069924192473088,"SOUTH ASIA",NA,NA
1346062391356903424,"T√úRKIYE",NA,NA
1346037662864568320,"GO FIGURE...",NA,NA
1346011956063383552,"WARSZAWA, POLSKA",NA,NA
1345940101520613376,"DAKAR-VALENCIA",NA,NA
1346905679643222016,"HTTP://BOXING-KINGDOM.BLOGSPOT",NA,NA
1346587504703664128,"PENNSYLVANIA, USA",NA,NA
1.346585329248e+18,"LAS VEGAS, NV",NA,NA
1346576891193544704,"LONDON",NA,NA
1346571604088729600,"USA",NA,NA
1346571441412706304,"PARIS",NA,NA
1346566971316465664,"NORTH WEST, ENGLAND",NA,NA
1346559954057093120,"LONDON, ENGLAND",NA,NA
1346549237631344640,"LONDON UK",NA,NA
1346548476943937536,"WEST TEXAS",NA,NA
1346543680996470784,"MINNESOTA, USA",NA,NA
1346543561752326144,"DAMMAM",NA,NA
1346540959236935680,"NEW DELHI",NA,NA
1346532238725406720,"EUROPE,NL",NA,NA
1346531875322531840,"KREUZBERG, IST NICHT APOLDA",NA,NA
1346524357594652672,"LONG ISLAND",NA,NA
1.346524019064e+18,"LONDON,UK + W.BALKANS + GLOBAL",NA,NA
1346519522514235392,"KREUZBERG, IST NICHT APOLDA",NA,NA
1346515812006424576,"FIRENZE, TOSCANA",NA,NA
1346514685030526976,"NEW YORK CITY",NA,NA
1346513753492361216,"LONDON",NA,NA
1346513596411482112,"90S KID , GOONIES",NA,NA
1346512424996921344,"#KEEPFIGHTINGMICHAEL",NA,NA
1346512375793528832,"NORTH TYNESIDE",NA,NA
1346511963363319808,"BLESSED.",NA,NA
1346509534685253632,"OKLAHOMA CITY & TULSA, OK",NA,NA
1346508245754642432,"OKLAHOMA, USA",NA,NA
1346507573869109248,"#KEEPFIGHTINGMICHAEL",NA,NA
1346506773235118080,"#KEEPFIGHTINGMICHAEL",NA,NA
1346493908944097280,"DURHAM, NC",NA,NA
1346493513148600320,"TN27",NA,NA
1346490796967661568,"LONDON, ENGLAND",NA,NA
1346470564450373632,"#KEEPFIGHTINGMICHAEL",NA,NA
1346468320170577920,"IOWA CITY, IA",NA,NA
1346466142441771008,"WIGAN UK",NA,NA
1346466064045989888,"DENVER, CO",NA,NA
1346455726265421824,"COLUMBUS, OH",NA,NA
1346449625222270976,"WORLDWIDE",NA,NA
1346438306087784448,"MINNESOTA, USA",NA,NA
1346435275787022336,"NEWCASTLE UPON TYNE, ENGLAND",NA,NA
1346434310585397248,"#KEEPFIGHTINGMICHAEL",NA,NA
1346415459017646080,"MANCHESTER",NA,NA
1346389358451052544,"LUNAR BASE",NA,NA
1346388130711146496,"OXFORDSHIRE",NA,NA
1346386034519629824,"EXETER. UK",NA,NA
1346380302038523904,"GP PARTNER, WATFORD",NA,NA
1346379143341084672,"GP PARTNER, WATFORD",NA,NA
1346377200359104512,"UK",NA,NA
1346367198919598080,"HEAVEN ON EARTH",NA,NA
1346363865349713920,"GP PARTNER, WATFORD",NA,NA
1346352832052658176,"GP PARTNER, WATFORD",NA,NA
1346340415851487232,"MELBOURNE, VICTORIA",NA,NA
1346331301075275776,"CALIFORNIA",NA,NA
1346325304860696576,"WEST TEXAS",NA,NA
1346319472433516544,"PATERSON, NJ",NA,NA
1346311846781976576,"WORLDWIDE",NA,NA
1346309407794221056,"SAN FRANCISCO, CA",NA,NA
1346298977415696384,"DELHI",NA,NA
1346293145349148672,"CHENNAI",NA,NA
1346263521307275264,"NH",NA,NA
1346257905973018624,"VANCOUVER, B.C.",NA,NA
1346239393917501440,"TEXAS, USA",NA,NA
1346239110210605056,"NEW ORLEANS, LA",NA,NA
1346236758816673792,"VANCOUVER, BRITISH COLUMBIA",NA,NA
1346236313821855744,"MANHATTAN, NYC",NA,NA
1346234992083533824,"GUELPH, ONTARIO",NA,NA
1346227256620949504,"ŒöŒüŒñŒÜŒùŒó, ŒïŒõŒõŒÜŒ£",NA,NA
1346225461345529856,"UK",NA,NA
1346223273995087872,"NORTH TIPPERARY & GALWAY ü§™",NA,NA
1346217008183074816,"GAINESVILLE, FL, USA",NA,NA
1346213009857851392,"LONDON, ENGLAND",NA,NA
1346203622376431616,"NORTH WEST, ENGLAND",NA,NA
1346202326688796672,"NEW ORLEANS, LA",NA,NA
1346200366082371584,"GLASGOW, SCOTLAND",NA,NA
1346200363679023104,"GLASGOW, SCOTLAND",NA,NA
1346965502099398656,"BIDEN HARRIS",NA,NA
1346962088384552960,"TIME AND SPACE",NA,NA
1346959733056557056,"MONTR√âAL, QU√âBEC",NA,NA
1346958879196925952,"TORONTO, ONTARIO",NA,NA
1346956559499341824,"DAKAR-VALENCIA",NA,NA
1346939384533299200,"PHILADELPHIA, PA",NA,NA
1346937562749939712,"PHILADELPHIA, PA",NA,NA
1346935081005289472,"BIRMINGHAM",NA,NA
1346927778424381440,"AL HILAL - C RING ROAD",NA,NA
1346905916176797696,"HOUSTON, TX",NA,NA
1346901600636436480,"ABERGAVENNY, WALES",NA,NA
1346900989492797440,"THE VALLEYS",NA,NA
1346895718863269888,"YORKSHIRE AND THE HUMBER",NA,NA
1346892923934179328,"CALIFORNIA BAY AREA",NA,NA
1346892019965292544,"UK",NA,NA
1346891121536983040,"TORONTO, ONTARIO",NA,NA
1346887777141493760,"CALIFORNIA BAY AREA",NA,NA
1346887419468132352,"MICHIGAN, USA",NA,NA
1346883880721272832,"CORNWALL UK",NA,NA
1346869571265949696,"WIRRAL, UK",NA,NA
1346869307632984064,"WEST DIDSBURY",NA,NA
1346866352016027648,"GP PARTNER, WATFORD",NA,NA
1346864192763138048,"NORTHAMPTONSHIRE, UK",NA,NA
1346863980380360704,"MIAMI, FL",NA,NA
1346863193944170496,"GLASGOW ENVIRONS.",NA,NA
1346861588419145728,"LIVERPOOL, BENGALURU",NA,NA
1346857378176782336,"SUGAR LAND, TX",NA,NA
1346855429528293376,"MIDLANDS-ISH",NA,NA
1346853868404158464,"MICHIGAN, USA",NA,NA
1346853360360632320,"MICHIGAN, USA",NA,NA
1346853095880466432,"EARTH",NA,NA
1346850065256734720,"#KEEPFIGHTINGMICHAEL",NA,NA
1346849183588896768,"MIAMI, FL",NA,NA
1346847747257806848,"IG PIANOMUSE11",NA,NA
1346840829499871232,"DENVER, CO",NA,NA
1346838169094909952,"CORNWALL UK",NA,NA
1346837662548766720,"SUFFOLK, UK",NA,NA
1346834467873304576,"SOUTH WEST, ENGLAND",NA,NA
1346833150756986880,"CENTRAL FL",NA,NA
1346827428123926528,"HYDERABAD",NA,NA
1346826235943538688,"WORLDWIDE",NA,NA
1346825196028751872,"VT",NA,NA
1346811673320038400,"WORLD",NA,NA
1346808066990342144,"GLASGOW, SCOTLAND",NA,NA
1346804993387618304,"GLASGOW",NA,NA
1346801292346331136,"CORNWALL UK",NA,NA
1346800331334811648,"THE VALLEYS",NA,NA
1346795489501450240,"LEYLAND, ENGLAND",NA,NA
1346789940991053824,"THE VALLEYS",NA,NA
1346786493591859200,"WORLDWIDE",NA,NA
1346772233801375744,"UK",NA,NA
1346770121264680960,"ABSURDISTANTICK",NA,NA
1346760099877031936,"CORNWALL UK",NA,NA
1346756362848661504,"GP PARTNER, WATFORD",NA,NA
1346756342388670464,"WORLDWIDE",NA,NA
1346749460999589888,"STANFORD, CA",NA,NA
1346743111268118528,"ANYWHERE & EVERYWHERE I PLEASE",NA,NA
1346725764830523392,"DAKAR-VALENCIA",NA,NA
1346721976061194240,"LONDON",NA,NA
1346716435918315520,"SOUTHAMPTON",NA,NA
1346714375500005376,"KNOKKE,A SPOT IN THIS UNIVERSE",NA,NA
1346712847917715456,"CURRENTLY: STOWMARKET, UK.",NA,NA
1346707138719019008,"DUARTE, CA",NA,NA
1346707016614600704,"AFRICA",NA,NA
1346665180336332800,"Êñ∞ÊΩüÂ∏Ç",NA,NA
1346643634133856256,"ARKANSAS",NA,NA
1346641191995994112,"SEATTLE, WA",NA,NA
1346622771506401280,"CANARY WHARF, LONDON",NA,NA
1346608901907734528,"BOGOTA",NA,NA
1349120601521324032,"BRITAIN",NA,NA
1349092219593043968,"NOTTINGHAM, ENGLAND",NA,NA
1347961901750358016,"RAGBAG OF REVIEWS AND INSIGHTS",NA,NA
1347496528458481664,"ISLAMABAD",NA,NA
1347217118757068800,"RIVERDALE, UT",NA,NA
1347205796472512512,"TORONTO, ONTARIO",NA,NA
1347204602026856448,"PORTLAND,ORüè†  / CHINO, CA üè•",NA,NA
1347203877188165632,"PORTLAND, OR üè† / CHINO, CA üè•",NA,NA
1347202243259490304,"11150A ASHEVILLE HWY INMAN, SC",NA,NA
1347200224788443136,"LONDON, DC, NYC, NAIROBI",NA,NA
1.34719678483e+18,"SALISBURY, WILTSHIRE",NA,NA
1347180836702081024,"COTTINGHAM, EAST YORKS",NA,NA
1347168430764519424,"LONDON, ENGLAND",NA,NA
1347164009036967936,"VERMONT, USA",NA,NA
1347163326971867136,"LONDON, UK",NA,NA
1347150326332346368,"COTTINGHAM, EAST YORKS",NA,NA
1347145392736112640,"LONDON",NA,NA
1347122104890761216,"CORNWALL UK",NA,NA
1347116681299189760,"DUBAI, KARNATAKA",NA,NA
1347091162394451968,"ROMA, LAZIO",NA,NA
1347013235380203520,"ATLANTA, GA",NA,NA
1347009550315122688,"LOS ANGELES, CALIFORNIA",NA,NA
1347001020862390272,"MINNESOTA, USA",NA,NA
1346982555577249792,"MIDDLE OF NOWHERE, USA",NA,NA
1347602678076088320,"DAKAR-VALENCIA",NA,NA
1347602080693968896,"CORK / DUBLIN",NA,NA
1347601147146555392,"CENTRAL CALIFORNIA",NA,NA
1347600827976982528,"PORTLAND, ME",NA,NA
1347600585361678336,"LONDON",NA,NA
1347599619371405312,"DELHI/MEERUT",NA,NA
1347596350947434496,"KANSAS CITY, MO",NA,NA
1347595386005954560,"LONDON",NA,NA
1347594380098433024,"NORTHERN CALIFORNIA, USA",NA,NA
1347594208060719104,"NASHVILLE",NA,NA
1347593385750781952,"MANCHESTER",NA,NA
1347592548416684032,"PHILADELPHIA",NA,NA
1347589722995105792,"WATFORD, ENGLAND",NA,NA
1347588498602254336,"RIVERDALE PARK, MD",NA,NA
1347587247659474944,"CHESTER",NA,NA
1347585607686627328,"BOSTON, MA",NA,NA
1347585314521538560,"LIVERPOOL, ENGLAND",NA,NA
1347585225979801600,"DAKAR-VALENCIA",NA,NA
1347578996884647936,"NORTH WEST, ENGLAND",NA,NA
1347578846518923264,"NORTH WEST, ENGLAND",NA,NA
1347577769182572544,"NORTH WEST, ENGLAND",NA,NA
1347577463061278720,"üá¨üáßüá™üá∫",NA,NA
1347577419109167104,"NORTH WEST, ENGLAND",NA,NA
1347577371277324288,"GRAN CANARIO Y GRAN PERSONA",NA,NA
1347577324938686464,"HOUSTON, TX",NA,NA
1347576097056174080,"LDN  ‡§≤‡§Ç‡§°‡§®  ŸÑŸÜÿØŸÜ",NA,NA
1347574358076780544,"DENVER, CO",NA,NA
1347572638281986048,"MOTHER EARTH",NA,NA
1347572115839528960,"WORLDWIDE",NA,NA
1347570955623620608,"KENT AND SUSSEX",NA,NA
1.347569173485e+18,"BIRMINGHAM, ENGLAND",NA,NA
1347566412433420288,"WASHINGTON, DC",NA,NA
1347559777761587200,"MANHATTAN, NY",NA,NA
1347549087009132544,"MIAMI, FL",NA,NA
1347547053635858432,"MINNEAPOLIS, MN",NA,NA
1347545003636228096,"ST LOUIS, MO",NA,NA
1347543180233895936,"NEW YORK, USA",NA,NA
1347537872266604544,"FLORIDA, USA",NA,NA
1347535430292533248,"UNIVERSITY OF SOUTHAMPTON",NA,NA
1347532528022859776,"STOWMARKET, ENGLAND",NA,NA
1347532115089494016,"ISLE OF WIGHT",NA,NA
1347531401273466880,"N 53¬∞22' 0'' / W 6¬∞20' 0''",NA,NA
1347530404190892032,"NORTH WEST, ENGLAND",NA,NA
1347529693034123264,"UK",NA,NA
1347529571562909696,"CHICAGO, IL",NA,NA
1347528453185220608,"EAST HAMPTON, NY",NA,NA
1347528320737550336,"NORTH WEST, ENGLAND",NA,NA
1347528228697755648,"T√úRKIYE",NA,NA
1347527859053735936,"GREAT YARMOUTH",NA,NA
1347526752252280832,"WOLLONGONG, NEW SOUTH WALES",NA,NA
1347522658129346560,"EARTH",NA,NA
1347521112914219008,"PRESTON, ENGLAND",NA,NA
1347520454827909120,"LONDON",NA,NA
1347519759613636608,"WORLDWIDE",NA,NA
1347518711226396672,"VERMONT, USA",NA,NA
1347516496336089088,"NOWHERE",NA,NA
1347515359746785280,"LONDON",NA,NA
1347511391905841152,"SOUTH WEST, ENGLAND",NA,NA
1347499727898685440,"SNOWY‚òÉÔ∏è‚ùÑÔ∏è ENGLAND, UK.",NA,NA
1347497334947647488,"LONDON, UK",NA,NA
1347494058529271808,"DERBYSHIRE",NA,NA
1347488789338476544,"COTTINGHAM, EAST YORKS",NA,NA
1347486737451380736,"COVEN OF AUGURY",NA,NA
1347481432420212736,"LONDON",NA,NA
1347480395869265920,"LONDON",NA,NA
1347479996667985920,"#KEEPFIGHTINGMICHAEL",NA,NA
1347479714475220992,"EAST HERTFORDSHIRE UK",NA,NA
1347478032148267008,"NORTH WEST, ENGLAND",NA,NA
1347475372032585728,"NEWCASTLE UPON TYNE",NA,NA
1347474642831814656,"SOUTH EAST, ENGLAND",NA,NA
1347471866215231488,"NAPOLI, CAMPANIA",NA,NA
1347471433438412800,"SHANGHAI HONGKONG",NA,NA
1347465457750528000,"TUMBLER RIDGE, BRITISH COLUMBIA",NA,NA
1347448243878322176,"T√úRKIYE",NA,NA
1347427201067597824,"LOS ANGELES, CA",NA,NA
1347424093251854336,"USA",NA,NA
1347418705286713344,"HOLLYWOOD, CA, USA",NA,NA
1347417089682808832,"CONNAUGHT PLACE, DELHI 110001",NA,NA
1347395205004189696,"DALLAS",NA,NA
1347388972482310144,"HOUSTON",NA,NA
1347387221633069056,"HAMILTON, ONTARIO",NA,NA
1347368621568385024,"TORONTO, ONTARIO",NA,NA
1347358325957140480,"TORONTO, ONTARIO",NA,NA
1347346446362677248,"COLORADO, USA",NA,NA
1347336581804384256,"ENGLAND",NA,NA
1347336010888335360,"MICROCOMPASS@OUTLOOK.COM",NA,NA
1347334152702615552,"MICROCOMPASS@OUTLOOK.COM",NA,NA
1347331849513816064,"HERE. TWEETS MY OWN.",NA,NA
1347323055417290752,"TUKHOLMA, RUOTSI",NA,NA
1347319181931376640,"NEW YORK, NY",NA,NA
1347291841755045888,"MIAMI BEACH, FL",NA,NA
1347281623440650240,"GP PARTNER, WATFORD",NA,NA
1347272537877737472,"CHARLESTON, SC",NA,NA
1347268481855717376,"LONDON TRI-BOROUGH",NA,NA
1347266538756308992,"TORONTO, ONTARIO",NA,NA
1347262429835747328,"DURHAM, NC",NA,NA
1347260241340215296,"BARCELONA, ESPA√ëA",NA,NA
1347254931175084032,"KAMLOOPS, BC",NA,NA
1347252565822611456,"GP PARTNER, WATFORD",NA,NA
1347251265940705280,"OXFORDSHIRE",NA,NA
1347232027150528512,"WEST SUSSEX, UK",NA,NA
1.347231725689e+18,"SOUTH CAL",NA,NA
1347227258927411200,"I'M IN YORKSHIRE",NA,NA
1347223117748432896,"CORNWALL UK",NA,NA
1350067738211983360,"THE ETHER",NA,NA
1348003507400396800,"RENO, NV",NA,NA
1347991977263050752,"WEST BERKSHIRE, ENGLAND",NA,NA
1347984368610856960,"LOS ANGELES, CA",NA,NA
1347981483756154880,"TAMPA BAY, FL",NA,NA
1347978427882729472,"LCI- CHARLOTTE, NC",NA,NA
1347977910628487168,"PORTLAND,ORüè†  / CHINO, CA üè•",NA,NA
1347977793305407488,"PORTLAND, OR üè† / CHINO, CA üè•",NA,NA
1347973952023441408,"AUSTIN",NA,NA
1347972546889596928,"BELLEVUE, WA",NA,NA
1347970964525604864,"CHARD,SOMERSET",NA,NA
1347966183476178944,"NEW YORK, NY",NA,NA
1347961153239085056,"VERMONT, USA",NA,NA
1347960770479476736,"ATLANTA, GA",NA,NA
1347959132037509120,"KENT, UK",NA,NA
1347949489697517568,"ANN ARBOR, MI",NA,NA
1347948797360562176,"EDINBURGH, SCOTLAND",NA,NA
1347947264640233472,"ATLANTA, GA",NA,NA
1347947153587634176,"DURHAM, ENGLAND",NA,NA
1347946168173686784,"LONDON, ENGLAND",NA,NA
1347938397768347648,"3RD STONE FROM THE SUN",NA,NA
1347936657312526336,"PARMA",NA,NA
1347933632887975936,"LONDON",NA,NA
1347928881672679424,"NEWCASTLE UPON TYNE, ENGLAND",NA,NA
1347923771831824384,"ALTAIR IV",NA,NA
1347921247083122688,"LONDON, ENGLAND",NA,NA
1347916046225854464,"ABU DHABI, UAE",NA,NA
1347909967404269568,"GALWAY, BALLINAMUCK, BANAGHER",NA,NA
1347902039116931072,"MINNESOTA, USA",NA,NA
1347901288688844800,"MILTON KEYNES, ENGLAND",NA,NA
1347900581268967424,"SCOTLAND, UK",NA,NA
1347891661188329472,"SANDY, ENGLAND",NA,NA
1347883820025073664,"I O W HEALTH CARE BRANCH",NA,NA
1347877885357350912,"AJMAN, UAE",NA,NA
1347875609741905920,"SYDNEY, NEW SOUTH WALES",NA,NA
1347871646221299712,"WHITSTABLE, KENT. UK",NA,NA
1347869075003871232,"NEWCASTLE UPON TYNE, ENGLAND",NA,NA
1347867317515018240,"NORTH EAST, ENGLAND",NA,NA
1347865264302514176,"POOLE",NA,NA
1347864192481574912,"T√úRKIYE",NA,NA
1347863253586759680,"WHITSTABLE, KENT. UK",NA,NA
1347862668179369984,"EDINBURGH",NA,NA
1347840990535700480,"#KEEPFIGHTINGMICHAEL",NA,NA
1347828682979749888,"T√úRKIYE",NA,NA
1347824615301779456,"UNDER A TRAIN",NA,NA
1347824127802015744,"UNDER A TRAIN",NA,NA
1347822594834235392,"COTTINGHAM, EAST YORKS",NA,NA
1347813169926963200,"RIYADH, KINGDOM OF SAUDI ARABI",NA,NA
1347724138073489408,"MIAMI BEACH, FL",NA,NA
1347718436038840320,"OAKVILLE, CAMBRIDGE",NA,NA
1347698661439008768,"BATAVIA, IL",NA,NA
1347696292143751168,"KANSAS CITY",NA,NA
1347694900066848768,"PENNSYLVANIA, USA",NA,NA
1347667361625747456,"ATLANTA, GA",NA,NA
1347666795843489792,"ATLANTA, GA",NA,NA
1347655412393369600,"ESSEX",NA,NA
1347653900715896832,"RIYADH",NA,NA
1347653445780586496,"SCOTTSDALE, AZ",NA,NA
1347653144734543872,"KINNEAGH, CURRAGH, CO KILDARE",NA,NA
1347652750155390976,"USA",NA,NA
1347650024734392320,"CHICAGO-ADJACENT, IL",NA,NA
1347649334872043520,"CHENNAI",NA,NA
1.347648677654e+18,"NEW YORK, NY",NA,NA
1347642800809062400,"METRO NORTH OF BOSTON MA",NA,NA
1347632659342753792,"T√úRKIYE",NA,NA
1347631399277359104,"CALABRIA, IT",NA,NA
1347629838430048256,"NEW YORK, NY",NA,NA
1347629382635053056,"COLORADO, USA",NA,NA
1347626340397297664,"üè† ASHINGTON;üìçLONDON/BROUGH",NA,NA
1347624928242184192,"KILWINNING",NA,NA
1347623380892135424,"HALTON, ENGLAND",NA,NA
1347622796793442304,"NORTH WEST, ENGLAND",NA,NA
1347616447879634944,"NEW HAVEN, CT",NA,NA
1347615329300733952,"YORKSHIRE AND THE HUMBER, ENGLAND",NA,NA
1347608597677694976,"BIRMINGHAM, ENGLAND",NA,NA
1347607711249293312,"KILKENNY",NA,NA
1347605478839361536,"DAKAR-VALENCIA",NA,NA
1347604212126011392,"YORK, ENGLAND",NA,NA
1350736747253129216,"WORLD WIDE üåç",NA,NA
1350708239172837376,"ÿ≥€åÿßÿ±€Å ÿ≤ŸÖ€åŸÜ",NA,NA
1350490636185694208,"USA",NA,NA
1350113233298993152,"RAGBAG OF REVIEWS AND INSIGHTS",NA,NA
1349739978138427392,"RAGBAG OF REVIEWS AND INSIGHTS",NA,NA
1349417388576546816,"RAGBAG OF REVIEWS AND INSIGHTS",NA,NA
1348979101504311296,"RAGBAG OF REVIEWS AND INSIGHTS",NA,NA
1348722528408268800,"RAGBAG OF REVIEWS AND INSIGHTS",NA,NA
1348347345856061440,"RAGBAG OF REVIEWS AND INSIGHTS",NA,NA
1348273480874262528,"NEW YORK, NY",NA,NA
1348265235560484864,"NEW HAVEN, CT",NA,NA
1348264029064728576,"GLASGOW ENVIRONS.",NA,NA
1348259610977828864,"CLOUD CUCKOO LAND",NA,NA
1348258102546755584,"OTTAWA",NA,NA
1.348257974373e+18,"SOMEWHERE OVER THE RAINBOW",NA,NA
1348251774780645376,"SOUTH EAST, ENGLAND",NA,NA
1348246576276385792,"ROCHDALE, ENGLAND",NA,NA
1348246283027435520,"WEST YORKSHIRE",NA,NA
1348244303185932288,"#AUTHOR #COMEDY  #ZOMBIE",NA,NA
1348233476705808384,"STAFFORDSHIRE MOORLANDS",NA,NA
1348232863221755904,"LONDON, ENGLAND",NA,NA
1348215779855118336,"Z√úRICH, SCHWEIZ",NA,NA
1348212495685726208,"NORTH TYNESIDE",NA,NA
1348209056616472576,"LONDON, ENGLAND",NA,NA
1348207460390154240,"I O W HEALTH CARE BRANCH",NA,NA
1348197605906542592,"ISLE OF WIGHT",NA,NA
1348190257209090048,"NEWCASTLE",NA,NA
1348170233085898752,"NOTTINGHAM, ENGLAND",NA,NA
1348166925575094272,"BRISBANE, QUEENSLAND",NA,NA
1348166514189492224,"BIA≈ÅYSTOK",NA,NA
1348160069351960576,"LONDON, U.K",NA,NA
1348153152134991872,"SOUTHERN CA, USA",NA,NA
1348152601897009152,"ABU DHABI, UAE",NA,NA
1348130817424433152,"NASHVILLE, TN",NA,NA
1348119680196734976,"EDINBURGH, UK",NA,NA
1348086756768436224,"SOUTH CAROLINA, USA",NA,NA
1348068786587500544,"OAKVILLE, ONTARIO",NA,NA
1348064227093860352,"MICHIGAN, USA",NA,NA
1348059831576489984,"HOUSTON, TX",NA,NA
1348058550476697600,"MEATH",NA,NA
1348058081754640384,"WASHINGTON D.C.",NA,NA
1348057847247101952,"EDINBURGH, UK",NA,NA
1348055089290756096,"TEMPE, AZ",NA,NA
1348054734943387648,"TEMPE, AZ",NA,NA
1348054214048563200,"TEMPE, AZ",NA,NA
1348053801299812352,"üá¨üáß  ENGLAND, UK",NA,NA
1348052948929179648,"NORTH CAROLINA",NA,NA
1348050579340226560,"CALIFORNIA, USA",NA,NA
1348048643396411392,"YYZ",NA,NA
1348036438869336064,"WEST MIDLANDS, ENGLAND",NA,NA
1348035753117409280,"CHICAGO, IL",NA,NA
1348030888316182528,"COPENHAGEN",NA,NA
1348029773495349248,"LONDON, ENGLAND",NA,NA
1348029124225458176,"CHESHIRE.",NA,NA
1348028717738586112,"ORANGE COUNTY, CA",NA,NA
1348026592585543680,"HOUSTON, TX",NA,NA
1348026127588143104,"PITTSBURGH, PA",NA,NA
1348023745240326144,"TORONTO, ON",NA,NA
1348023677812670464,"OKLAHOMA, USA",NA,NA
1348019470627962880,"NEW YORK",NA,NA
1348019100749066240,"NEWCASTLE-UNDER-LYME, ENGLAND",NA,NA
1348017867082625024,"VERMONT, USA",NA,NA
1348017795808845824,"NHS REGISTERED NURSE",NA,NA
1348012354626326528,"MIDWEST",NA,NA
1348006902983254016,"TENNESSEE, USA",NA,NA
1348004642152701952,"BARNSLEY, ENGLAND",NA,NA
1350784215282036736,"WORLD WIDE üåç",NA,NA
1350156267868852224,"CHATTANOOGA, TN",NA,NA
1348864079516073984,"BURGERSFORT & TEMBISA",NA,NA
1348486098876469248,"CHINO HILLS, CA",NA,NA
1348464194681774080,"ISTANBUL",NA,NA
1348433136426881024,"ALABAMA, USA",NA,NA
1348426543677243392,"THE ROSE GARDEN",NA,NA
1348406039599669248,"TEMPE, AZ",NA,NA
1348394298652418048,"NEWARK-ON-TRENT, ENGLAND",NA,NA
1348391894057943040,"TORONTO, ONTARIO",NA,NA
1348377586162872320,"NORWICH, 'VERY DOWN SOUTH'",NA,NA
1348376410130440192,"CHICAGO, IL",NA,NA
1348374951783497728,"BIRMINGHAM, ENGLAND",NA,NA
1348368720247349248,"GRAND RAPIDS, MI",NA,NA
1348368671207522304,"AUGUSTA, GA",NA,NA
1348355200847925248,"RIGHT HERE...",NA,NA
1.348352300126e+18,"CREWE",NA,NA
1348348950068289536,"HAMPSHIRE",NA,NA
1348343411221344256,"LONDON, ENGLAND",NA,NA
1348341175938383872,"CHARLESTON, WEST VIRGINIA",NA,NA
1348341007935565824,"DURHAM, NC",NA,NA
1348337007936696320,"CALIFORNIA, USA",NA,NA
1348336424727310336,"RIYADH",NA,NA
1348335582020313088,"DURHAM, NC",NA,NA
1348332599794487296,"BELLEVUE, WA",NA,NA
1348324455131590656,"GP PARTNER, WATFORD",NA,NA
1.34832009337e+18,"√úT: 34.079552,-118.440613",NA,NA
1348317805817507840,"NORTH WEST, ENGLAND",NA,NA
1348313717734309888,"BARTS HEALTH NHS TRUST, LONDON",NA,NA
1348312362378539008,"GLASGOW",NA,NA
1348291856166252544,"LONDON, ENGLAND",NA,NA
1348291702025564160,"CHARLOTTE, NC",NA,NA
1348288244191031296,"YORK, ENGLAND",NA,NA
1348284945358331904,"HENGELO, NEDERLAND",NA,NA
1348282854313230336,"SAN ANTONIO, TX",NA,NA
1348280046847406080,"BUDAPEST",NA,NA
1348279749144162304,"WEST YORKSHIRE",NA,NA
1348277170213445632,"LEEDS, ENGLAND",NA,NA
1350889803856936960,"NORTH CAROLINA, USA",NA,NA
1350056483854155776,"DUBLIN",NA,NA
1349414493772775424,"LONDON",NA,NA
1348949927901192192,"CORLEONE, SICILIA",NA,NA
1348948545622192128,"EDINBURGH",NA,NA
1348944694588407808,"LONDON, UK",NA,NA
1348944498903150592,"LONDON",NA,NA
1348936227869884416,"VIENNA, DUBLIN, & CYBERSPACE",NA,NA
1348932225832804352,"UK",NA,NA
1348930470256521216,"SOUTH WEST, ENGLAND",NA,NA
1348926549282713600,"SOUTHAMPTON, ENGLAND",NA,NA
1348922317439696896,"CREWE",NA,NA
1348919136886386688,"WARRINGTON, CHESHIRE, UK",NA,NA
1348914781499977728,"GREATER VANCOUVER",NA,NA
1348914618572431360,"COVENTRY, ENGLAND",NA,NA
1348890893831397376,"MUMBAI-LUCKNOW",NA,NA
1348887929045864448,"THROUGHOUT UK",NA,NA
1348876799204339712,"GP PARTNER, WATFORD",NA,NA
1348876668224593920,"KHYBER PAKHTUNKHWA",NA,NA
1348876355807694848,"CPT SA DEFENDING THE UNDERDOG‚òë",NA,NA
1348827333830930432,"LOS ANGELES, CA",NA,NA
1348823204584960000,"PHILADELPHIA, PA",NA,NA
1348784035338854400,"TULSA",NA,NA
1348782788531556352,"TUCSON, AZ",NA,NA
1348779822508630016,"NC",NA,NA
1348757052177444864,"GP PARTNER, WATFORD",NA,NA
1348744416031371264,"GP PARTNER, WATFORD",NA,NA
1348742244359016448,"SYDNEY, NEW SOUTH WALES",NA,NA
1348740024569745408,"LOS ANGELES, CA",NA,NA
1348739764183187456,"SPRINGFIELD, OH",NA,NA
1348727258522013696,"NORTH EAST, ENGLAND",NA,NA
1348727171829936128,"WASHINGTON, DC",NA,NA
1348723711172554752,"EUROPE",NA,NA
1348714135190585344,"CALGARY, ALBERTA",NA,NA
1348713808651579392,"SOUTH EAST, ENGLAND",NA,NA
1348713291078635520,"NORTH WEST, ENGLAND",NA,NA
1348704646240620544,"LONDON, ENGLAND",NA,NA
1348703010181046272,"CPT SA DEFENDING THE UNDERDOG‚òë",NA,NA
1348699646592483328,"SCOTLAND",NA,NA
1348699558642118656,"SOUTH EAST, ENGLAND",NA,NA
1348698298773762048,"√úT: 34.080227,-118.453027",NA,NA
1348691028136648704,"THIRSK, ENGLAND",NA,NA
1348690070816124928,"STAFFORDSHIRE",NA,NA
1348684577607479296,"CAMBRIDGE, ENGLAND",NA,NA
1348683423934767104,"NOTTINGHAM, ENGLAND",NA,NA
1348680483182415872,"ANN ARBOR, MI",NA,NA
1348669669062791168,"CALIFORNIA, USA",NA,NA
1348668744789352448,"GLASGOW ENVIRONS.",NA,NA
1348659429017755648,"CALGARY",NA,NA
1348656504275132416,"ESSEX",NA,NA
1348656016108486656,"CHARLESTON, SC",NA,NA
1348655455913074688,"CLINTON, SC",NA,NA
1348652600380502016,"MILANO",NA,NA
1.348652350744e+18,"NJ",NA,NA
1348651844571168768,"HOLLY SPRINGS, NC",NA,NA
1348648360018894848,"MICHIGAN, USA",NA,NA
1348646974946496512,"ORLANDO, FL",NA,NA
1348633826508087296,"CHICAGO, IL",NA,NA
1348626426812129280,"BERKSHIRE",NA,NA
1348603875159400448,"WASHINGTON D.C.",NA,NA
1348588119352872960,"LONDON, ENGLAND",NA,NA
1348571888625324032,"WOLVERHAMPTON",NA,NA
1348571801509654528,"LEEDS",NA,NA
1348564374907047936,"VANCOUVER",NA,NA
1348559431789916160,"GP PARTNER, WATFORD",NA,NA
1.351680791668e+18,"WALES",NA,NA
1349203861647581184,"TORONTO, ONTARIO",NA,NA
1349190098911440896,"NORTHWEST ARKANSAS",NA,NA
1349188389598359552,"NASHVILLE, TN",NA,NA
1349186475179581440,"PROVO, UT",NA,NA
1349178131433848832,"NEW YORK, USA",NA,NA
1349172378392170496,"NORTH EAST TASMANIA",NA,NA
1349171800966631424,"PHILADELPHIA, PA",NA,NA
1349170292086730752,"MEMPHIS, TN",NA,NA
1349167221797433344,"HOBOKEN, NJ",NA,NA
1349166797107257344,"NORTH EAST TASMANIA",NA,NA
1349148634919497728,"METRO",NA,NA
1349144159102275584,"SOUTHERN HEMISPHERE",NA,NA
1349142943223992320,"BOSTON",NA,NA
1349135906108801024,"CHARLESTON, SC",NA,NA
1349129228076392448,"ANGLESEY",NA,NA
1349121285889032192,"MELBOURNE, VICTORIA",NA,NA
1349119016942465024,"CALIFORNIA, USA",NA,NA
1349118745826840576,"MELBOURNE, VICTORIA",NA,NA
1349116597777043456,"MEDICINE HAT, ALBERTA",NA,NA
1349110667329073152,"OKLAHOMA, USA",NA,NA
1349109474125111296,"LONDON,UK + W.BALKANS + GLOBAL",NA,NA
1349105345214476288,"CHICAGO, IL",NA,NA
1349104984143482880,"SILICON VALLEY, CALIFORNIA",NA,NA
1349104047182249984,"LONDON",NA,NA
1349099541178548224,"CHICHESTER, ENGLAND",NA,NA
1349094688939245568,"üìçNJ/PA, USA",NA,NA
1349093901500559360,"IN A GOOD PLACE",NA,NA
1349091543811026944,"BLACKPOOL",NA,NA
1349089531107147776,"ALLOSIMANIUS SYNECA",NA,NA
1349084670131056640,"WEST SUSSEX",NA,NA
1349081196404363264,"UK",NA,NA
1349079976495243264,"KENT",NA,NA
1349079168554852352,"LONDON, ENGLAND",NA,NA
1349073550385311744,"UK",NA,NA
1349071618014924800,"HOUSTON, TX",NA,NA
1349070183651012608,"OXFORDSHIRE & BIRMINGHAM",NA,NA
1349058731183640576,"USA",NA,NA
1349057350397620224,"BELLEVUE, WA",NA,NA
1349056715875094528,"RAINHAM, KENT, ENGLAND",NA,NA
1349050091110346752,"NASHVILLE, TN",NA,NA
1349049214492422144,"A STATE OF DEPRESSION",NA,NA
1349047626298236928,"SCOTLAND",NA,NA
1349046474995335168,"NEW YORK, NY",NA,NA
1349045658431459328,"LONDON",NA,NA
1.349040781278e+18,"DURHAM, NC",NA,NA
1349040246592131072,"CALIFORNIA, USA",NA,NA
1349029811835064320,"BIRKENHEAD, ENGLAND",NA,NA
1348981221032939520,"EDINBURGH, UK",NA,NA
1348972238389850112,"LIVERPOOL, ENGLAND",NA,NA
1348972222233399296,"LONDON, UK",NA,NA
1352128041309376512,"STAFFORD, ENGLAND",NA,NA
1352107925658066944,"UK",NA,NA
1352104413633064960,"PLANET EARTH",NA,NA
1352103901349236736,"PLANET EARTH",NA,NA
1352096317007409152,"EDINBURGH SCOTLAND UK",NA,NA
1352088238354296832,"UK",NA,NA
1352072143811485696,"JIZZHUT.",NA,NA
1352064390514810880,"CANTON MICHIGAN",NA,NA
1352058628036046848,"ASHLAND, OREGON",NA,NA
1352039806017167360,"BRYN MAWR, PA",NA,NA
1352030006189436928,"üá∞üáº|üá∫üá∏",NA,NA
1352017876442619904,"CHICAGO, IL",NA,NA
1352016604524130304,"DURHAM, NC",NA,NA
1352010008372912128,"MIDWEST, USA",NA,NA
1352009995420884992,"EAST, ENGLAND",NA,NA
1352009250613174272,"GLASGOW ENVIRONS.",NA,NA
1352008456300089344,"BOSTON, MA",NA,NA
1.352002225737e+18,"EDALE, UK",NA,NA
1351996259062714368,"SAUGERTIES, NEW YORK",NA,NA
1351994423769526272,"RAMSGATE,KENT",NA,NA
1351993746817077248,"LOS ANGELES, CA",NA,NA
1351990192463294464,"L√Ä",NA,NA
1351989831774121984,"L√Ä",NA,NA
1351988730479964160,"MIAMI, FL",NA,NA
1351974201603878912,"ALGER",NA,NA
1351973260636905472,"MARYLEBONE",NA,NA
1351971255071727616,"T√úRKIYE",NA,NA
1351968017865977856,"SPARTANBURG, SC",NA,NA
1351964878844657664,"DIEST",NA,NA
1351948347683307520,"DELAWARE",NA,NA
1351941859761905664,"AYLESBURY, ENGLAND",NA,NA
1351941557809770496,"SWINDON, ENGLAND",NA,NA
1351937097658208256,"LONDON, UK",NA,NA
1351931663023009792,"DUBLIN | LONDON",NA,NA
1351926775392169984,"MONTICELLO, MN",NA,NA
1351926613567545344,"TORONTO, ON",NA,NA
1351925881137209344,"SUTTON COLDFIELD WEST MIDLANDS",NA,NA
1351923222799937536,"PRINCETON, NJ",NA,NA
1351915090547773440,"RI, USA",NA,NA
1351914155956183040,"LONDON, UK",NA,NA
1351906956055891968,"VIRGINIA BEACH, VA",NA,NA
1351905355681288192,"CALIFORNIA",NA,NA
1351903483809603584,"SAN FRANCISCO, CA",NA,NA
1351893942304968704,"AIRDRIE, SCOTLAND",NA,NA
1351890813354192896,"CORNWALL UK",NA,NA
1351886585126678528,"EUROPE",NA,NA
1351877917136080896,"LA PORTE, IN",NA,NA
1351876101279260672,"T√úRKIYE",NA,NA
1351875024831975424,"US - IL - ID",NA,NA
1351873146001842176,"VANCOUVER",NA,NA
1351862043628826624,"LONDON, ENGLAND",NA,NA
1351860604512956416,"WALES",NA,NA
1351859437095571456,"BATH: UK",NA,NA
1351856696428277760,"KENORA, ONTARIO",NA,NA
1351854573120532480,"#KEEPFIGHTINGMICHAEL",NA,NA
1351840826066956288,"OXFORD, ENGLAND",NA,NA
1351834541653172224,"BRIGHTON",NA,NA
1351834414297309184,"LONDON, ENGLAND",NA,NA
1351833661633671168,"SURREY",NA,NA
1351814267557670912,"ALBUQUERQUE, NM",NA,NA
1351807718420586496,"üåç",NA,NA
1351798041381056512,"CARRIBEAN,SELLING ICE CREAM",NA,NA
1351796734733807616,"üåç",NA,NA
1351795094173716480,"LONDON",NA,NA
1351792462122119168,"üè° SINCE 5, 12 & 18 MARCH 2020",NA,NA
1351786533863510016,"LONDON, ENGLAND",NA,NA
1351779880732647424,"EL ESPINO, LA CHORRERA, PANAM√Å",NA,NA
1351773916142956544,"EL ESPINO, LA CHORRERA, PANAM√Å",NA,NA
1.351772095555e+18,"EL ESPINO, LA CHORRERA, PANAM√Å",NA,NA
1351771439872012288,"üè° SINCE 5, 12 & 18 MARCH 2020",NA,NA
1351768710143488000,"MILTON KEYNES, ENGLAND",NA,NA
1351764693015273472,".FI .FR .SE .UK .DE",NA,NA
1351762530268545024,"LONDON UK",NA,NA
1351761444799393792,".FI .FR .SE .UK .DE",NA,NA
1351682631717552128,"EDINBURGH, UK",NA,NA
1351673505314705408,"PITTSBURGH, PA",NA,NA
1351666634990075904,"SYDNEY, NEW SOUTH WALES",NA,NA
1351666251622359040,"EDMONTON, ALBERTA",NA,NA
1351665578545537024,"EDMONTON, ALBERTA",NA,NA
1351664078775746560,"SYDNEY, NEW SOUTH WALES",NA,NA
1351661571630628864,"MISHAWAKA, IN; WWW.RAD-INC.COM",NA,NA
1351658763292450816,"üåç",NA,NA
1351656075339198464,"LONDON",NA,NA
1351655694999674880,"CORNWALL UK",NA,NA
1351655680793522176,"EDALE, UK",NA,NA
1351651771685462016,"üåç",NA,NA
1351650736954880000,"CORNWALL UK",NA,NA
1351649390742671360,"üåç",NA,NA
1351648903003824128,"CORNWALL UK",NA,NA
1351642726513733632,"DEVONSHIRE .UK",NA,NA
1351636513293910016,"DELHI/MEERUT",NA,NA
1351623078586023936,"CORNWALL UK",NA,NA
1351613797958635520,"FAYETTEVILLE, AR",NA,NA
1351613787028205568,"KENSINGTON, LONDON",NA,NA
1351612897139556352,"BRONX, NY",NA,NA
1351612748292104192,"EARTH",NA,NA
1351610696216276992,"NORTH WALES",NA,NA
1351609154746552320,"CALGARY",NA,NA
1351607943536537600,"ATLANTA,GA, USA",NA,NA
1351601307463929856,"PENMYNYDD, ISLE OF ANGLESEY",NA,NA
1351598073189949440,"POOLE, ENGLAND",NA,NA
1351596960264941568,"UP NORTH",NA,NA
1351583701470220288,"LONDON",NA,NA
1351581140654694400,"SFO///ALG///WWW///CLOUD///...",NA,NA
1351579076981628928,"LIVERPOOL",NA,NA
1351571194273783808,"TORONTO, ONTARIO",NA,NA
1351568957409529856,"SURREY",NA,NA
1351554821241901056,"IN ANY PLACE OF THE BIG WEB",NA,NA
1351536171613040640,"HERE",NA,NA
1351522474232578048,"MIDDLE EAST/EUROPE/WHO KNOWS",NA,NA
1351521972312825856,"LONDON, ENGLAND",NA,NA
1351509626496421888,"STOURBRIDGE",NA,NA
1351508141482106880,"SARANAC LAKE, NY",NA,NA
1351505825974644736,"DUBAI, MUMBAI",NA,NA
1351502293213057024,".FI .FR .SE .UK .DE",NA,NA
1.351492894088e+18,"SEATTLE",NA,NA
1351492220558442496,"WAKEFIELD, ENGLAND",NA,NA
1351488680846893056,"CORNWALL UK",NA,NA
1351484710967537664,"KARACHI BASED",NA,NA
1351483966684098560,"BIRTHPLACE OF THE NFL",NA,NA
1351482304359759872,"‚ú° ISRA√ãL ‚ú°",NA,NA
1351466199889170432,"LEICESTER, ENGLAND",NA,NA
1351455313413738496,"DERBY, ENGLAND",NA,NA
1351442791033958400,"LONDON",NA,NA
1351411245778305024,"ARIZONA, USA",NA,NA
1351405060031459328,"TORONTO",NA,NA
1351363413243523072,"A BORDERING BASKET BOBCAT",NA,NA
1351298891765919744,"NOTTINGHAM, ENGLAND",NA,NA
1351295941421232128,"ENGLAND",NA,NA
1351292536195837952,"FAR FROM HOME",NA,NA
1351285090077323264,"GLOBAL",NA,NA
1351281554593619968,"A BORDERING BASKET BOBCAT",NA,NA
1351277700250529792,"USA üá∫üá∏",NA,NA
1351263523100368896,"TORONTO",NA,NA
1351224447500496896,"AVI IS ME",NA,NA
1351217678090989568,"#SHENLEY #BOREHAMWOOD #HERTS",NA,NA
1351212608058232832,"MICHIGAN, USA",NA,NA
1351210033934200832,"CHICAGO, IL",NA,NA
1351205833397444608,"ZAPOPAN, JALISCO",NA,NA
1351195756988928000,"PLYMOUTH, ENGLAND",NA,NA
1351192480541249536,"COLOMBO, SRILANKA",NA,NA
1351189037239959552,"EKO 'ILE OGBON'",NA,NA
1351172510314856448,"WOKINGHAM",NA,NA
1351130338781777920,"BURGSCHLEINITZ BEI ZOGELSDORF",NA,NA
1351129522431807488,"PLANET EARTH",NA,NA
1351128121945284608,"GLASGOW",NA,NA
1351120625704837120,"WHITTIER, CA",NA,NA
1351114399268921344,"BLACK EARTH, WI",NA,NA
1351101807943155712,"NEW DELHI",NA,NA
1351098214297051136,"SYDNEY, NEW SOUTH WALES",NA,NA
1351084189681115136,"NOTTINGHAM, ENGLAND",NA,NA
1351080325456211968,"SYDNEY, NEW SOUTH WALES",NA,NA
1351078898608599040,"POOLE",NA,NA
1351075404082245632,"SUFFOLK, UK",NA,NA
1351060295226159104,"PALO ALTO, CA",NA,NA
1351052402007355392,"CALIFORNIA, USA",NA,NA
1351039750396903424,"BRISBANE, QUEENSLAND",NA,NA
1351025421937213440,"AVI IS ME",NA,NA
1351016476665405440,"DUBAI",NA,NA
1351008914616315904,"BRISBANE, QUEENSLAND",NA,NA
1350951663872466944,"CHARLOTTE, NC",NA,NA
1350928300177297408,"GP PARTNER, WATFORD",NA,NA
1350912435180343296,"MELBOURNE, VICTORIA",NA,NA
1350904727312232448,"T√úRKIYE",NA,NA
1350896308039667712,"ANN ARBOR, MI",NA,NA
1350896240976867328,"BALTIMORE, MD",NA,NA
1350891367942254592,"BEIRUT",NA,NA
1350879900635451392,"NORTH YORKSHIRE",NA,NA
1350874147589537792,"I AM NOT SUPPOSED TO TELL YOU",NA,NA
1350869865532370944,"CORNWALL UK",NA,NA
1350861023406944256,"LONDON, ENGLAND",NA,NA
1350860772864368640,"LONDON, ENGLAND",NA,NA
1350858084084817920,"NASHVILLE, TN",NA,NA
1350852526254469120,"US",NA,NA
1350852231692754944,"EARTHREALM",NA,NA
1350851808797880320,"UK",NA,NA
1350850634463944704,"BHARAT ‡≤ï‡≤∞‡≥Å‡≤®‡≤æ‡≤°‡≥Å KARNATAKA",NA,NA
1350843773878677504,"PERTH, SCOTLAND",NA,NA
1350843056455643136,"CORNWALL UK",NA,NA
1350837705903648768,"TORONTO, ONTARIO",NA,NA
1350826689706795008,"CORNWALL UK",NA,NA
1350820329921400832,"üá´üá∑üá®üá≥üá©üá™",NA,NA
1350818729463074816,"ROTTERDAM, NEDERLAND",NA,NA
1350815479665975296,"FLORIDA",NA,NA
1350809775634837504,"T√úRKIYE",NA,NA
1350803812349472768,"CHENNAI",NA,NA
1350799098572644352,"GREAT WOLFORD, ENGLAND",NA,NA
1350785637201403904,"BIRMINGHAM, ENGLAND",NA,NA
1350779065406468096,"ATLANTA, GA",NA,NA
1350767245505540096,"COTTINGHAM, EAST YORKS",NA,NA
1350761267456319488,"HAMBURG, DEUTSCHLAND",NA,NA
1350757430007836672,"ALTAIR IV",NA,NA
1350749044239380480,"üá¨üáß",NA,NA
1350747392430272512,"YORK, ENGLAND",NA,NA
1350734244927201280,"LONDON",NA,NA
1350729975645798400,"POOLE",NA,NA
1350722646007308288,"CROYDON, LONDON",NA,NA
1350719293747585024,"WIEN, √ñSTERREICH",NA,NA
1350697200326643712,"‡§Æ‡•ã‡§ï‡•ç‡§∑‡§®‡§ó‡§∞‡•Ä, ‡§ó‡•ç‡§∞‡§æ‡§Æ‡•Ä‡§£ ‡§≠‡§æ‡§∞‡§§",NA,NA
1350665167282049024,"VIENNA, DUBLIN, & CYBERSPACE",NA,NA
1350660435612213248,"TORONTO",NA,NA
1350645057913724928,"QUEZON CITY, NATIONAL CAPITAL",NA,NA
1350597418736353280,"MEDICAL COLLEGE OF WISCONSIN",NA,NA
1350580320471556096,"NYC",NA,NA
1350578246983802880,"LONDON",NA,NA
1350575748248047616,"AVI IS ME",NA,NA
1350561841114705920,"LEYLAND, ENGLAND",NA,NA
1350560774629052416,"ANGLETERRE.",NA,NA
1350558434375180288,"ANGLETERRE.",NA,NA
1350535798366547968,"NEW YORK, USA",NA,NA
1350534812034068480,"BRITON",NA,NA
1350526392304246784,"EARTH",NA,NA
1350521145787879424,"LA PAZ, MADRID, ESPA√ëA",NA,NA
1350515752126869504,"LONDON, UK",NA,NA
1350514655723200512,"LONDON, UK",NA,NA
1350512795465428992,"ANN ARBOR, MI",NA,NA
1350507588958482432,"PLANET EARTH",NA,NA
1350504727105196032,"BEIJING",NA,NA
1350502092956381184,"GLEN BURNIE, MD",NA,NA
1350497573853831168,"SAN JOSE, CA",NA,NA
1350497498406809600,"TRINIDAD & TOBAGO",NA,NA
1350497207766679552,"LEIGHTON BUZZARD, ENGLAND",NA,NA
1350491592973553664,"YORK",NA,NA
1350489788974043136,"EARTH",NA,NA
1350488869544861696,"NIAGARA REGION",NA,NA
1350483865870209024,"121 HARLEY STREET, LONDON",NA,NA
1350482536829493248,"ZAPOPAN, JALISCO",NA,NA
1350482375185113088,"GWALIOR||DELHI||JASHPUR",NA,NA
1350479085730992128,"ABRUZZO, ITALIA",NA,NA
1350476711809445888,"LIVERPOOL, ENGLAND",NA,NA
1350471174736801792,"LONDON, ENGLAND",NA,NA
1350470287603630080,"CHENNAI",NA,NA
1350462336344207360,"#OTRABALTIMORE 8/8/15‚ù§Ô∏è",NA,NA
1350461181971066880,"·èï‘æUœÆ‚ôÖ ·ï±Íä∞·èí·é•Ííù·ï±",NA,NA
1350460865418584064,"STARBUCKS/TARGET/HOSPITAL",NA,NA
1350454624864636928,"CORNWALL UK",NA,NA
1350450411656925184,"LONDON",NA,NA
1350448820681920512,"STATEN ISLAND, NEW YORK",NA,NA
1350446898088472576,"CORNWALL UK",NA,NA
1350446051229118464,"POOLE",NA,NA
1350442689347678208,"CHENNAI",NA,NA
1350441606680252416,"MUMBAIüìéMIRAJ",NA,NA
1350436450085470208,"HALFWAY THERE",NA,NA
1350434316355035136,"CORNWALL UK",NA,NA
1350433623770480640,"NEW DELHI, DELHI",NA,NA
1350430030745260032,"RED FORT,DELHI,OCCUPIED ENDIA",NA,NA
1350429435481223168,"EDINBURGH, UK",NA,NA
1350428590177882112,"T√úRKIYE",NA,NA
1350427691262984192,"NEW DELHI",NA,NA
1350409872739889152,"BRIDGEND, WALES",NA,NA
1350404612961038336,"127.0.0.0",NA,NA
1350402424914149376,"MUMBAI",NA,NA
1350401028462665728,"LONDON",NA,NA
1350398981080313856,"ICE AGE",NA,NA
1350396342338781184,"EUROPE",NA,NA
1350395795212800000,"GLASGOW ENVIRONS.",NA,NA
1350386021024878592,"GREAT WOLFORD, ENGLAND",NA,NA
1350384193461575680,"MAKATI CBD 1226",NA,NA
1350383517763567616,"EMILIA ROMAGNA, ITALIA",NA,NA
1350381748312547328,"GLASGOW ENVIRONS.",NA,NA
1350378448045236224,"LA TRINIDAD, CORDILLERA ADMIN",NA,NA
1350378286988328960,"T√úRKIYE",NA,NA
1350376322632073216,"THIRD PLANET FROM THE SUN",NA,NA
1350374735872462848,"SULTANPUR, NEW DELHI",NA,NA
1350372431660281856,"POOLE",NA,NA
1350367555215630336,"ROMFORD, LONDON",NA,NA
1350360341230866432,"LOWESTOFT",NA,NA
1350356885770301440,"SUSSEX",NA,NA
1350349118410010624,"CHICAGO",NA,NA
1350348589269061632,"SYDNEY, NEW SOUTH WALES",NA,NA
1350344597730451456,"√úT: -26.532499,28.376949",NA,NA
1350341575151415296,"EDINBURGH, UK",NA,NA
1.350338768474e+18,"GUWAHATI",NA,NA
1350329725512650752,"WOLLONGONG, NEW SOUTH WALES",NA,NA
1350325480914706432,"HONOLULU, HI",NA,NA
1.350308090848e+18,"SOMEWHERE ON EARTH",NA,NA
1350296977276342272,"FRANKLIN, TN",NA,NA
1350289351670947840,"TORONTO, ONTARIO",NA,NA
1350266103512006656,"ROSEVILLE, CA",NA,NA
1350248133012447232,"CLARINGTON, ONTARIO",NA,NA
1350242374442754048,"CONNECTICUT, NEW ENGLAND",NA,NA
1350242151096086528,"CENTRAL PENNSYLVANIA",NA,NA
1350236668276609024,"#PARKSVILLE / #QUALICUMBEACH",NA,NA
1350226508334436352,"T√úRKIYE",NA,NA
1350224429347909632,"BRISTOL, ENGLAND",NA,NA
1350220856975351808,"ROCKVILLE CENTRE, NY",NA,NA
1350219535211704320,"KANSAS CITY, KS",NA,NA
1350218056916582400,"MELBOURNE, VICTORIA",NA,NA
1350214616840691712,"VANCOUVER",NA,NA
1350203309337026560,"TRINIDAD & TOBAGO",NA,NA
1350190496887545856,"CLEVELAND, OH",NA,NA
1350190080862814208,"CAMBRIDGE, MA",NA,NA
1350189579576487936,"THE INTERNET",NA,NA
1350185314220912640,"MANCHESTER, ENGLAND",NA,NA
1350183622549139456,"GLOBAL",NA,NA
1350182008568180736,"NORTHERN CALIFORNIA, USA",NA,NA
1350181166628925440,"GLOBAL",NA,NA
1350176611996479488,"127.0.0.0",NA,NA
1350176315593392128,"T√úRKIYE",NA,NA
1350173361981239296,"MANCHESTER",NA,NA
1350170640255311872,"T√úRKIYE",NA,NA
1350164433608310784,"EUROPE",NA,NA
1350159925973045248,"CORNWALL UK",NA,NA
1350154363851972608,"THE PATH LAB",NA,NA
1350147083752374272,"LONDON, ENGLAND",NA,NA
1350144496621772800,"ANGLETERRE.",NA,NA
1350144016772435968,"WEXFORD",NA,NA
1350142021118423040,"SASKATOON",NA,NA
1350140974090117120,"EARTH",NA,NA
1350140322433495040,"MENLO PARK, CA",NA,NA
1350139952810643456,"EAST SUSSEX",NA,NA
1350138685640028160,"OXFORD, ENGLAND",NA,NA
1350134266286505984,"EXETER, ENGLAND",NA,NA
1350132165963558912,"LONDON, ENGLAND",NA,NA
1350131398867378176,"BRIGHTON",NA,NA
1350131148081549312,"JERSEY C.I.",NA,NA
1350127613239582720,"PRESTON, ENGLAND",NA,NA
1350127098418110464,"LONDON, ENGLAND",NA,NA
1350125276563435520,"DUBLIN",NA,NA
1350124968076599296,"LAND",NA,NA
1350120969231327232,"MISSOURI, USA",NA,NA
1350113900965089280,"GLOBAL",NA,NA
1350113336252366848,"ON THE GROUND",NA,NA
1350103795796205568,"UP NORTH ;)",NA,NA
1350101677827878912,"DOƒûU EXPRESI",NA,NA
1350096942785851392,"NASHVILLE, TN",NA,NA
1350092377621409792,"CT",NA,NA
1350089983441428480,"BALLOCH, LOCH LOMOND, SCOTLAND",NA,NA
1350086858005479424,"LONDON, ENGLAND",NA,NA
1350083571676020736,"üáÆüá™",NA,NA
1350081492601323520,"COLORADO, USA",NA,NA
1350076539191361536,"PENNSYLVANIA",NA,NA
1350074444916662272,"TORONTO, ON",NA,NA
1350073318108520448,"HERE",NA,NA
1350072725633724416,"LONDON, ENGLAND",NA,NA
1350070414974873600,"KENT",NA,NA
1350067819174629376,"CITIZEN OF THE STATE",NA,NA
1350062371616776192,"ARUSHA",NA,NA
1350061989054312448,"BELGIQUE",NA,NA
1350060443763662848,"T√úRKIYE",NA,NA
1350057779252387840,"CORK",NA,NA
1350051730751307776,"SALT LAKE CITY, UT",NA,NA
1350027633619329024,"HARROGATE, ENGLAND",NA,NA
1350023019616464896,"SUTTON COLDFIELD/GLOUCESTER",NA,NA
1350007908940054528,"CRYNANT",NA,NA
1350001930886668288,"üáÆüá™",NA,NA
1349990531196219392,"IN WITNESS PROTECTION",NA,NA
1349990348479725568,"BARCELONA",NA,NA
1349965679517200384,"MAYFAIR LONDON UK 02030877570",NA,NA
1349964212471271424,"WASHINGTON D.C.",NA,NA
1349952280074858496,"NEW YORK, NEW YORK",NA,NA
1349925811370008576,"WISCONSIN, USA",NA,NA
1349921031641722880,"NORTHERN CALIFORNIA, USA",NA,NA
1349909266761564160,".INT",NA,NA
1349907663367380992,"KSCKD, C2 RIYADH",NA,NA
1349891631156064256,"SAN JOSE, CA",NA,NA
1349889657161580544,"SOUTH EAST, ENGLAND",NA,NA
1349888051745615872,"HTX",NA,NA
1349885106945740800,"SCOTLAND",NA,NA
1349874491518836736,"FUCK OFF SKID",NA,NA
1349871898843373568,"YEMASSEE, SC",NA,NA
1349865558376808448,"TUCSON, AZ",NA,NA
1349858357813927936,"WALES",NA,NA
1349853983624613888,"ENGLEWOOD, NJ",NA,NA
1349847213313298432,"ANGLETERRE.",NA,NA
1349846752124424192,"MIDLANDS, UK",NA,NA
1349828922091966464,"/PHILADELPHIA",NA,NA
1349827611812368384,"MANCHESTER, ENGLAND",NA,NA
1349825403423227904,"TORONTO",NA,NA
1349823170665205760,"LONDON, ENGLAND",NA,NA
1349821028344725504,"TONYPANDY, WALES",NA,NA
1349818952927604736,"MANCHESTER",NA,NA
1349815846621876224,"LONDON, ENGLAND",NA,NA
1349811947932442624,"KALAMAZOO, MI",NA,NA
1.349806089492e+18,"RIVERSIDE, CALIFORNIA.",NA,NA
1349800322852548608,"COSTA MESA, CA",NA,NA
1349799732063793152,"DHAKA",NA,NA
1349797971693600768,"MANCHESTER, ENGLAND",NA,NA
1349795431635709952,"CRANSTON RI",NA,NA
1349791377270386688,"CRANSTON RI",NA,NA
1349780072182517760,"ROMFORD, LONDON",NA,NA
1349778938101456896,"LONDON, UK",NA,NA
1349774044216717312,"CALIFORNIA, USA",NA,NA
1349772145878921216,"BRIGHTON, ENGLAND",NA,NA
1349765020914106368,"LOUISIANA, USA",NA,NA
1349764643129061376,"ROMFORD, LONDON",NA,NA
1349764460437762048,"BIRMINGHAM, ENGLAND",NA,NA
1349762758385008640,"SUMMO SECRETUM",NA,NA
1349761290416361472,"‚öìTHE INFINITE OCEAN OF WEIRD",NA,NA
1349761154009214976,"CHESTERFIELD",NA,NA
1349760633563131904,"LEICESTER, ENGLAND",NA,NA
1349759786464796672,"MIAMI, FL",NA,NA
1349758135842594816,"LIVERPOOL, ENGLAND",NA,NA
1349757640512073728,"BUDAPEST",NA,NA
1349749012908404736,"PINNED TWEET",NA,NA
1349747516015693824,"DC + SILICON VALLEY + LA",NA,NA
1349745640205639680,"ISTANBUL - ERBIL",NA,NA
1349745358872711168,"BURLINGTON, VT",NA,NA
1349744918441455616,"DENVER, CO",NA,NA
1.349744491822e+18,"N 38¬∞42' 0'' / W 90¬∞22' 0''",NA,NA
1349726857151696896,"MANCHESTER",NA,NA
1349726852894519296,"GREAT WOLFORD, ENGLAND",NA,NA
1349725660105695232,"SALT LAKE CITY, UT",NA,NA
1349724364716060672,"MOOSBURG AN DER ISAR",NA,NA
1349720426029596672,"MUMBAI",NA,NA
1349713468920897536,"A STATE OF DEPRESSION",NA,NA
1349713026828656640,"BRIDGWATER",NA,NA
1349705307195387904,"LONDON, ENGLAND",NA,NA
1349703689758498816,"CAMBRIDGE, ENGLAND",NA,NA
1349682279958851584,"LA L√çNEA",NA,NA
1349666931926835200,"BOREHAMWOOD",NA,NA
1349651671266295808,"J.LAUREL ST, SN MIGUEL, MANILA",NA,NA
1349638334168117248,"LEEDS, UK",NA,NA
1349635586437558272,"BRUSSELS",NA,NA
1349632311491379200,"CALIFORNIA, USA",NA,NA
1349629451529760768,"BLACK HOLE",NA,NA
1349617511235543040,"LONDON, ONTARIO",NA,NA
1349585451108036608,"WORLD",NA,NA
1349576494197182464,"LONDON, ENGLAND",NA,NA
1349549898237095936,"TORONTO, ONTARIO",NA,NA
1349539979786031104,"SEATTLE",NA,NA
1349502478941880320,"RICHMOND, LONDON",NA,NA
1349495933331976192,"BOSTON, MA",NA,NA
1349487841009659904,"WORLDWIDE",NA,NA
1349471370317541376,"BRESCIA, LOMBARDIA",NA,NA
1349469297777717248,"LONDON,UK + W.BALKANS + GLOBAL",NA,NA
1349462575889707008,"MIAMI, FL",NA,NA
1349462032697815040,"KAMLOOPS, BC",NA,NA
1349459239975088128,"CHICAGO, IL",NA,NA
1349457997618171904,"ENGLAND",NA,NA
1349448476854259712,"MINNEAPOLIS, MN",NA,NA
1349437592660545536,"POOLE",NA,NA
1349432221258702848,"AMSTERDAM, NOORD-HOLLAND",NA,NA
1349429849291710464,"SOUTH BUCKINGHAMSHIRE",NA,NA
1349425286845259776,"DERBYSHIRE, ENGLAND",NA,NA
1349420381103288320,"LOGAN, UT",NA,NA
1349416712010141696,"POULTON LE FYLDE",NA,NA
1349416368123342848,"BIRMINGHAM, ENGLAND",NA,NA
1349412807184420864,"LONDON, ENGLAND",NA,NA
1349412753853870080,"NORTH WEST, ENGLAND",NA,NA
1349411946576162816,"ENGLAND",NA,NA
1349410608819695616,"ROCKVILLE CENTRE, NY",NA,NA
1349410007612325888,"DOWN THE RABBIT HOLE.",NA,NA
1349409165819727872,"POOLE",NA,NA
1349406702819545088,"EARTH",NA,NA
1349406457691840512,"COTIGNOLA, EMILIA ROMAGNA",NA,NA
1349401393484935168,"CORNWALL UK",NA,NA
1349389172348493824,"üá≠üá∫|üá∞üáº",NA,NA
1349380562591559680,"MANCHESTER, ENGLAND",NA,NA
1349378868642242560,"BRIGHTON, ENGLAND",NA,NA
1349378169732739072,"LONDON, UK",NA,NA
1349372401646268416,"SAN ANTONIO, TEXAS",NA,NA
1349361919833100288,"TORONTO",NA,NA
1349355963527159808,"LOMBARDIA, ITALIA",NA,NA
1349355414379524096,"VANCOUVER üá®üá¶| LONDON üá¨üáß",NA,NA
1349339654437400576,"BOURNEMOUTH, ENGLAND, UK",NA,NA
1349338278642798592,"CORNWALL UK",NA,NA
1349334065057566720,"CORNWALL UK",NA,NA
1349332499873357824,"HOUSTON, TX",NA,NA
1349332136600481792,"CORNWALL UK",NA,NA
1349330721299689472,"POOLE",NA,NA
1349330433411059712,"POOLE",NA,NA
1349330344076595200,"MILKY WAY",NA,NA
1349329543245529088,"POOLE",NA,NA
1349329458726055936,"LAND OF CONFUSION.",NA,NA
1349329133046788096,"GLASGOW, SCOTLAND",NA,NA
1349327712498941952,"LIVERPOOL, UK",NA,NA
1349325350963204096,"NEWCASTLE-UNDER-LYME, ENGLAND",NA,NA
1349314168290209792,"AL HILAL - C RING ROAD",NA,NA
1349312283009298432,"STOKE-ON-TRENT, ENGLAND",NA,NA
1349300049268920320,"ROMA",NA,NA
1349299450414587904,"WARSZAWA, POLSKA",NA,NA
1349273200283172864,"ATLANTA, US",NA,NA
1349271475031846912,"STEVENAGE, EAST",NA,NA
1349257246119759872,"THE NORTH, UK",NA,NA
1349241615420960768,"LOS ANGELES, CA",NA,NA
1349221607018033152,"ARKANSAS, USA",NA,NA
1349215892836638720,"CORAL GABLES, FL",NA,NA
